id,halstead,coordinative,component,wood,wood_sqrt,taskTime,paths,components
10128.json,19.02,5.99,2,7.99,2.83,458.67,2,2
10180.json,58.048,17.21,5,22.21,4.71,1974.88,5,5
10183.json,12.0,3.01,2,5.01,2.24,297.97,2,2
10208.json,83.589,15.84,6,21.84,4.67,2060.04,6,6
10214.json,19.02,1.89,2,3.89,1.97,339.86,2,2
1028.json,243.0,23.51,9,32.51,5.7,3539.43,9,9
10304.json,329.133,18.08,9,27.08,5.2,0,3,9
10352.json,148.603,24.88,8,32.88,5.73,3220.98,8,8
10440.json,320.426,26.48,8,34.48,5.87,0,7,8
10482.json,20.897,3.0,2,5.0,2.24,0,2,2
10522.json,246.345,24.55,9,33.55,5.79,0,8,9
10538.json,113.774,11.01,7,18.01,4.24,2206.93,7,7
10544.json,56.869,8.3,4,12.3,3.51,0,3,4
10592.json,75.0,8.2,5,13.2,3.63,1412.67,5,5
10594.json,20.897,2.95,2,4.95,2.22,0,2,2
10596.json,432.0,22.57,12,34.57,5.88,4569.99,12,12
10612.json,455.098,32.42,14,46.42,6.81,5853.13,14,14
10636.json,58.048,11.79,5,16.79,4.1,1566.19,5,5
1068.json,58.048,11.76,5,16.76,4.09,1600.24,5,5
10693.json,768.0,30.64,16,46.64,6.83,6503.25,16,16
1074.json,56.869,8.06,4,12.06,3.47,0,3,4
10743.json,19.02,5.17,2,7.17,2.68,428.25,2,2
10798.json,279.176,19.76,12,31.76,5.64,4421.72,12,12
10863.json,188.076,26.58,9,35.58,5.96,3719.67,9,9
10890.json,19.02,4.37,2,6.37,2.52,417.32,2,2
10966.json,113.774,19.66,7,26.66,5.16,2624.73,7,7
11039.json,148.603,11.65,8,19.65,4.43,2595.09,8,8
11049.json,304.313,15.97,8,23.97,4.9,2625.97,8,8
11082.json,118.872,12.59,5,17.59,4.19,1626.65,5,5
11088.json,20.897,6.48,2,8.48,2.91,0,2,2
1115.json,48.0,12.19,4,16.19,4.02,1317.96,4,4
11150.json,27.0,6.05,3,9.05,3.01,698.96,3,3
11177.json,4.755,3.28,1,4.28,2.07,100.13,1,1
11231.json,75.0,14.23,5,19.23,4.39,1722.14,5,5
11233.json,37.151,8.06,4,12.06,3.47,1130.65,4,4
11235.json,27.0,6.28,3,9.28,3.05,765.3,3,3
1130.json,522.434,26.36,15,41.36,6.43,5927.19,15,15
11347.json,19.02,6.11,2,8.11,2.85,478.72,2,2
11393.json,37.151,9.03,4,13.03,3.61,1137.84,4,4
11433.json,310.196,24.3,10,34.3,5.86,0,4,10
11475.json,768.0,25.89,16,41.89,6.47,6308.61,16,16
11499.json,157.036,23.82,9,32.82,5.73,3543.97,9,9
11507.json,4.755,1.83,1,2.83,1.68,78.84,1,1
11658.json,27.0,6.01,3,9.01,3.0,776.84,3,3
11712.json,232.989,11.28,7,18.28,4.28,2205.0,7,7
11730.json,27.0,9.2,3,12.2,3.49,870.38,3,3
11746.json,37.151,11.76,4,15.76,3.97,1305.32,4,4
11751.json,4.755,2.9,1,3.9,1.97,94.44,1,1
11794.json,69.658,5.85,4,9.85,3.14,0,2,4
1184.json,157.036,21.27,9,30.27,5.5,3407.84,9,9
11960.json,36.57,5.27,3,8.27,2.88,0,1,3
12176.json,19.02,5.59,2,7.59,2.75,448.84,2,2
12188.json,19.02,5.25,2,7.25,2.69,431.98,2,2
12209.json,48.0,5.96,4,9.96,3.16,1051.76,4,4
12280.json,48.0,10.62,4,14.62,3.82,1233.85,4,4
12294.json,4.755,2.76,1,3.76,1.94,92.49,1,1
12393.json,50.532,7.91,4,11.91,3.45,0,4,4
124.json,243.0,29.17,10,39.17,6.26,0,7,10
12449.json,300.0,18.02,10,28.02,5.29,3571.39,10,10
12504.json,94.997,14.41,7,21.41,4.63,2350.82,7,7
12581.json,37.151,11.6,4,15.6,3.95,1285.58,4,4
12612.json,27.0,8.65,3,11.65,3.41,846.22,3,3
12617.json,12.0,6.48,2,8.48,2.91,483.47,2,2
12675.json,167.179,8.89,6,14.89,3.86,0,4,6
12775.json,431.21,35.97,16,51.97,7.21,6844.04,16,16
12802.json,108.0,9.23,6,15.23,3.9,1741.04,6,6
12804.json,27.0,7.16,3,10.16,3.19,850.61,3,3
1281.json,48.0,12.1,4,16.1,4.01,1300.03,4,4
12833.json,894.844,48.22,17,65.22,8.08,0,16,17
12921.json,147.0,21.55,7,28.55,5.34,2750.84,7,7
12952.json,48.0,11.73,4,15.73,3.97,1285.99,4,4
12954.json,37.151,7.99,4,11.99,3.46,1150.59,4,4
1303.json,4.755,2.9,1,3.9,1.97,94.44,1,1
13063.json,108.0,9.2,6,15.2,3.9,1776.68,6,6
13079.json,37.151,6.8,4,10.8,3.29,1021.13,4,4
13189.json,42.794,9.26,3,12.26,3.5,881.3,3,3
1332.json,250.768,17.17,8,25.17,5.02,0,2,8
13349.json,75.0,10.67,5,15.67,3.96,1582.41,5,5
13410.json,4.755,2.9,1,3.9,1.97,94.44,1,1
13420.json,76.624,7.88,4,11.88,3.45,0,3,4
13565.json,113.774,23.17,7,30.17,5.49,2839.72,7,7
13575.json,432.0,25.22,12,37.22,6.1,4597.0,12,12
13648.json,147.0,8.63,7,15.63,3.95,2095.84,7,7
13696.json,19.02,4.75,2,6.75,2.6,419.25,2,2
13705.json,219.422,12.36,7,19.36,4.4,0,4,7
1371.json,12.0,3.85,2,5.85,2.42,312.26,2,2
13734.json,37.151,12.82,4,16.82,4.1,1376.79,4,4
13829.json,4.755,0.06,1,1.06,1.03,53.01,1,1
13895.json,243.0,15.51,9,24.51,4.95,3135.22,9,9
13896.json,27.0,6.0,3,9.0,3.0,757.97,3,3
13897.json,12.0,4.35,2,6.35,2.52,434.21,2,2
13921.json,41.795,3.25,3,6.25,2.5,0,2,3
14073.json,167.179,9.27,6,15.27,3.91,0,4,6
14085.json,167.179,11.81,6,17.81,4.22,0,4,6
1411.json,671.037,45.91,17,62.91,7.93,7783.67,17,17
14143.json,42.794,7.45,3,10.45,3.23,786.06,3,3
14247.json,48.0,11.65,4,15.65,3.96,1288.08,4,4
14285.json,37.151,12.04,4,16.04,4.0,1312.07,4,4
14307.json,4.755,3.11,1,4.11,2.03,97.57,1,1
14435.json,4.755,2.71,1,3.71,1.93,91.77,1,1
14549.json,113.194,9.04,5,14.04,3.75,0,3,5
14554.json,108.0,17.57,6,23.57,4.85,2212.81,6,6
14566.json,48.0,11.93,4,15.93,3.99,1298.45,4,4
14585.json,300.0,20.33,10,30.33,5.51,3718.67,10,10
1460.json,19.02,4.54,2,6.54,2.56,417.81,2,2
14630.json,243.0,16.57,9,25.57,5.06,3201.89,9,9
14804.json,31.02,5.53,3,8.53,2.92,0,2,3
14862.json,116.323,14.95,6,20.95,4.58,0,3,6
14946.json,232.193,29.25,10,39.25,6.26,4170.41,10,10
14952.json,4.755,2.85,1,3.85,1.96,93.78,1,1
14987.json,279.176,17.53,9,26.53,5.15,0,6,9
15001.json,124.078,23.2,8,31.2,5.59,3176.1,8,8
15034.json,19.02,2.17,2,4.17,2.04,285.24,2,2
15065.json,84.011,12.52,5,17.52,4.19,0,3,5
15095.json,48.0,14.15,4,18.15,4.26,1395.07,4,4
15109.json,401.788,35.6,13,48.6,6.97,0,13,13
15123.json,19.02,6.4,2,8.4,2.9,456.11,2,2
15169.json,69.658,8.26,4,12.26,3.5,0,2,4
15194.json,12.0,5.88,2,7.88,2.81,471.75,2,2
15287.json,95.78,7.28,5,12.28,3.5,0,1,5
15321.json,594.414,47.43,16,63.43,7.96,7477.14,16,16
15393.json,4.755,2.9,1,3.9,1.97,94.44,1,1
15449.json,69.794,15.5,6,21.5,4.64,2095.46,6,6
15452.json,58.048,13.61,5,18.61,4.31,1686.32,5,5
15574.json,58.048,14.94,5,19.94,4.47,1752.32,5,5
15631.json,176.863,15.69,8,23.69,4.87,0,5,8
15660.json,424.262,31.93,13,44.93,6.7,0,5,13
15668.json,12.0,5.73,2,7.73,2.78,454.8,2,2
15674.json,148.603,14.68,8,22.68,4.76,2779.96,8,8
15677.json,4.755,2.9,1,3.9,1.97,94.44,1,1
15697.json,188.076,24.35,9,33.35,5.77,3557.92,9,9
15891.json,62.039,8.53,4,12.53,3.54,0,4,4
15950.json,136.437,21.88,9,30.88,5.56,3441.9,9,9
15979.json,75.0,10.46,5,15.46,3.93,1484.27,5,5
1611.json,42.11,11.37,5,16.37,4.05,1561.35,5,5
16112.json,188.076,24.7,9,33.7,5.81,3603.11,9,9
16140.json,19.02,5.73,2,7.73,2.78,448.6,2,2
1622.json,76.078,11.38,4,15.38,3.92,1270.65,4,4
16254.json,306.9,25.66,11,36.66,6.05,0,9,11
16312.json,147.386,18.84,7,25.84,5.08,0,6,7
16342.json,56.869,12.41,4,16.41,4.05,0,3,4
16347.json,90.474,13.6,5,18.6,4.31,0,4,5
16433.json,243.0,15.85,9,24.85,4.98,3173.15,9,9
16499.json,108.0,13.89,6,19.89,4.46,2100.05,6,6
16539.json,83.589,10.38,6,16.38,4.05,1847.65,6,6
16566.json,27.0,4.71,3,7.71,2.78,714.71,3,3
16617.json,27.0,9.33,3,12.33,3.51,901.39,3,3
16664.json,279.176,26.44,12,38.44,6.2,4766.11,12,12
16717.json,58.048,12.21,5,17.21,4.15,1641.8,5,5
16741.json,48.0,6.44,4,10.44,3.23,999.42,4,4
16766.json,48.0,8.39,4,12.39,3.52,1173.36,4,4
16770.json,126.0,15.78,7,22.78,4.77,0,6,7
16779.json,347.41,26.75,11,37.75,6.14,0,8,11
16886.json,113.774,14.53,7,21.53,4.64,2375.19,7,7
16938.json,12.0,6.03,2,8.03,2.83,459.17,2,2
16946.json,12.0,6.03,2,8.03,2.83,459.17,2,2
17018.json,203.814,23.81,11,34.81,5.9,4260.25,11,11
17032.json,148.603,19.29,8,27.29,5.22,3014.11,8,8
17075.json,19.02,5.52,2,7.52,2.74,451.9,2,2
17077.json,94.997,20.22,7,27.22,5.22,2711.34,7,7
17085.json,90.474,13.68,5,18.68,4.32,0,4,5
17087.json,73.693,13.68,5,18.68,4.32,0,4,5
1709.json,496.313,37.54,16,53.54,7.32,6933.02,16,16
17105.json,113.774,17.71,7,24.71,4.97,2535.62,7,7
17135.json,12.0,4.82,2,6.82,2.61,441.51,2,2
17155.json,12.0,3.61,2,5.61,2.37,423.87,2,2
17169.json,305.3,21.81,10,31.81,5.64,0,9,10
17254.json,42.794,7.9,3,10.9,3.3,813.5,3,3
17346.json,280.953,31.12,11,42.12,6.49,4632.35,11,11
17368.json,455.098,33.48,14,47.48,6.89,5912.35,14,14
17467.json,12.0,2.82,2,4.82,2.2,407.42,2,2
1753.json,192.0,26.45,8,34.45,5.87,3350.54,8,8
17544.json,42.794,3.39,3,6.39,2.53,644.52,3,3
17576.json,4.755,2.92,1,3.92,1.98,94.86,1,1
17587.json,83.589,15.21,6,21.21,4.61,2050.08,6,6
17620.json,12.0,4.24,2,6.24,2.5,405.66,2,2
17767.json,75.0,10.51,5,15.51,3.94,1559.31,5,5
17832.json,104.487,9.34,5,14.34,3.79,0,2,5
17921.json,436.212,38.11,15,53.11,7.29,6560.28,15,15
1809.json,4.755,1.93,1,2.93,1.71,80.28,1,1
18254.json,4.755,2.49,1,3.49,1.87,88.49,1,1
18308.json,432.0,23.37,12,35.37,5.95,4590.06,12,12
18460.json,76.078,5.87,4,9.87,3.14,962.75,4,4
18483.json,392.406,32.37,13,45.37,6.74,5482.41,13,13
18512.json,27.0,7.69,3,10.69,3.27,829.36,3,3
18558.json,42.794,4.31,3,7.31,2.7,608.69,3,3
18587.json,279.176,35.38,12,47.38,6.88,5271.6,12,12
1863.json,27.0,8.81,3,11.81,3.44,860.27,3,3
1868.json,392.406,28.32,13,41.32,6.43,5269.07,13,13
18712.json,19.02,3.22,2,5.22,2.28,317.71,2,2
18717.json,87.173,14.65,5,19.65,4.43,0,1,5
18731.json,83.589,15.69,6,21.69,4.66,2174.72,6,6
18817.json,279.176,14.64,9,23.64,4.86,0,6,9
18869.json,41.795,10.95,3,13.95,3.73,0,2,3
18929.json,19.02,3.28,2,5.28,2.3,367.32,2,2
18942.json,19.02,1.21,2,3.21,1.79,289.91,2,2
18962.json,27.0,4.85,3,7.85,2.8,709.63,3,3
18975.json,78.957,10.64,5,15.64,3.95,0,5,5
19015.json,48.0,12.4,4,16.4,4.05,1292.9,4,4
19016.json,76.078,10.27,4,14.27,3.78,1225.01,4,4
19032.json,113.774,11.17,7,18.17,4.26,2213.38,7,7
19034.json,42.794,8.12,3,11.12,3.33,828.8,3,3
19089.json,203.814,24.77,11,35.77,5.98,4314.27,11,11
19094.json,94.997,16.56,7,23.56,4.85,2472.94,7,7
19117.json,42.794,6.73,3,9.73,3.12,734.32,3,3
19141.json,84.011,11.55,5,16.55,4.07,0,3,5
19293.json,48.0,9.12,4,13.12,3.62,1149.27,4,4
19337.json,48.0,10.2,4,14.2,3.77,1247.84,4,4
19342.json,193.872,25.98,10,35.98,6.0,4040.08,10,10
19413.json,246.345,25.11,9,34.11,5.84,0,8,9
19449.json,543.331,20.21,12,32.21,5.68,0,2,12
19574.json,75.0,14.4,5,19.4,4.4,1730.17,5,5
19576.json,83.589,10.97,6,16.97,4.12,1842.87,6,6
19605.json,75.0,19.39,5,24.39,4.94,1942.55,5,5
19713.json,19.02,7.06,2,9.06,3.01,500.85,2,2
19730.json,147.0,19.5,7,26.5,5.15,2637.42,7,7
19758.json,19.02,5.99,2,7.99,2.83,458.67,2,2
1986.json,188.076,23.69,9,32.69,5.72,3543.41,9,9
19925.json,192.0,23.55,8,31.55,5.62,3184.73,8,8
20016.json,290.808,17.07,9,26.07,5.11,0,7,9
2002.json,19.02,4.47,2,6.47,2.54,419.61,2,2
2013.json,42.794,5.76,3,8.76,2.96,698.41,3,3
20141.json,4.755,2.9,1,3.9,1.97,94.44,1,1
20147.json,42.794,9.01,3,12.01,3.47,867.62,3,3
20164.json,83.589,17.57,6,23.57,4.85,2154.44,6,6
20178.json,48.0,9.63,4,13.63,3.69,1261.42,4,4
20233.json,76.078,5.33,4,9.33,3.05,944.07,4,4
20234.json,19.02,4.89,2,6.89,2.62,416.55,2,2
20285.json,84.011,12.9,5,17.9,4.23,0,3,5
2030.json,147.0,9.47,7,16.47,4.06,2053.27,7,7
20396.json,84.011,13.29,5,18.29,4.28,0,3,5
2040.json,42.794,6.06,3,9.06,3.01,713.26,3,3
20401.json,334.358,26.16,12,38.16,6.18,4824.53,12,12
20437.json,3753.366,124.65,44,168.65,12.99,24313.23,44,44
20476.json,58.048,15.92,5,20.92,4.57,1811.19,5,5
20488.json,20.897,6.74,2,8.74,2.96,0,2,2
20518.json,417.947,20.94,10,30.94,5.56,0,4,10
20606.json,37.151,11.79,4,15.79,3.97,1298.2,4,4
20671.json,147.0,18.27,7,25.27,5.03,2569.81,7,7
20691.json,42.794,8.77,3,11.77,3.43,840.2,3,3
20744.json,188.076,17.96,9,26.96,5.19,3203.92,9,9
2081.json,392.406,26.44,13,39.44,6.28,5168.26,13,13
20904.json,31.02,7.37,3,10.37,3.22,0,2,3
20910.json,426.519,22.24,11,33.24,5.77,0,8,11
2101.json,42.794,8.03,3,11.03,3.32,823.4,3,3
21050.json,113.774,22.99,7,29.99,5.48,2827.12,7,7
21070.json,436.212,33.12,15,48.12,6.94,6291.37,15,15
21103.json,140.017,17.72,7,24.72,4.97,0,5,7
21120.json,42.794,8.43,3,11.43,3.38,844.96,3,3
21172.json,752.305,40.71,18,58.71,7.66,7903.89,18,18
21227.json,83.589,13.78,6,19.78,4.45,2029.53,6,6
21230.json,246.345,23.67,9,32.67,5.72,0,8,9
21260.json,391.486,27.93,13,40.93,6.4,0,12,13
2128.json,27.0,9.95,3,12.95,3.6,927.57,3,3
21397.json,4.755,2.87,1,3.87,1.97,94.13,1,1
21413.json,69.794,12.94,6,18.94,4.35,1977.04,6,6
21496.json,227.477,15.2,8,23.2,4.82,0,6,8
21532.json,1069.85,47.5,15,62.5,7.91,7059.16,15,15
21598.json,48.0,14.36,4,18.36,4.28,1420.49,4,4
21599.json,75.0,12.42,5,17.42,4.17,1613.45,5,5
21654.json,4.755,2.56,1,3.56,1.89,89.57,1,1
2170.json,20.897,11.4,3,14.4,3.79,1025.27,3,3
2175.json,838.216,36.35,19,55.35,7.44,8080.67,19,19
21753.json,171.176,10.0,6,16.0,4.0,1757.48,6,6
21777.json,124.078,22.39,8,30.39,5.51,3021.73,8,8
21780.json,124.078,22.39,8,30.39,5.51,3021.73,8,8
21833.json,12.0,5.7,2,7.7,2.77,451.33,2,2
2192.json,37.151,9.14,4,13.14,3.62,1148.72,4,4
21956.json,148.603,19.54,8,27.54,5.25,2969.91,8,8
21981.json,48.0,8.88,4,12.88,3.59,1234.6,4,4
22069.json,147.0,20.46,7,27.46,5.24,2691.1,7,7
22082.json,42.794,2.59,3,5.59,2.36,622.3,3,3
22143.json,42.794,8.65,3,11.65,3.41,845.98,3,3
22173.json,75.0,10.51,5,15.51,3.94,1559.31,5,5
22291.json,232.193,21.82,10,31.82,5.64,3789.69,10,10
22347.json,192.0,22.29,8,30.29,5.5,3126.76,8,8
22447.json,83.589,16.0,6,22.0,4.69,2131.54,6,6
22481.json,4.755,4.66,1,5.66,2.38,120.21,1,1
2251.json,76.078,6.57,4,10.57,3.25,1104.48,4,4
22562.json,27.0,8.93,3,11.93,3.45,881.15,3,3
22579.json,12.0,5.61,2,7.61,2.76,463.5,2,2
2259.json,42.794,9.01,3,12.01,3.47,867.62,3,3
22622.json,193.872,36.63,10,46.63,6.83,4562.83,10,10
22627.json,27.0,9.33,3,12.33,3.51,901.39,3,3
22712.json,19.02,5.99,2,7.99,2.83,458.67,2,2
22726.json,791.674,34.42,16,50.42,7.1,0,15,16
22730.json,193.707,15.98,8,23.98,4.9,0,7,8
22748.json,147.0,16.49,7,23.49,4.85,2470.07,7,7
22751.json,154.755,17.54,7,24.54,4.95,0,7,7
22753.json,808.518,38.68,16,54.68,7.39,0,16,16
22759.json,454.791,27.09,12,39.09,6.25,0,12,12
228.json,4.755,2.97,1,3.97,1.99,95.49,1,1
22845.json,4.755,2.75,1,3.75,1.94,92.38,1,1
2309.json,37.151,8.16,4,12.16,3.49,1095.15,4,4
23112.json,300.0,23.58,10,33.58,5.79,3932.93,10,10
23167.json,279.176,25.01,12,37.01,6.08,4690.86,12,12
2317.json,37.151,10.39,4,14.39,3.79,1219.67,4,4
23181.json,76.078,8.19,4,12.19,3.49,1103.95,4,4
2322.json,37.151,10.41,4,14.41,3.8,1221.14,4,4
23266.json,232.193,20.65,10,30.65,5.54,3737.29,10,10
23301.json,42.794,8.52,3,11.52,3.39,848.4,3,3
23536.json,20.897,7.5,3,10.5,3.24,905.5,3,3
23622.json,928.771,51.78,20,71.78,8.47,9337.05,20,20
23735.json,306.495,17.91,8,25.91,5.09,0,6,8
23748.json,1569.623,59.67,26,85.67,9.26,12403.98,26,26
23785.json,147.0,14.13,7,21.13,4.6,2343.77,7,7
23788.json,97.2,16.94,6,22.94,4.79,0,6,6
23806.json,227.477,14.62,8,22.62,4.76,0,6,8
23823.json,94.997,19.36,7,26.36,5.13,2583.45,7,7
23853.json,147.0,20.39,7,27.39,5.23,2676.95,7,7
23875.json,363.0,20.49,11,31.49,5.61,4072.42,11,11
24090.json,588.0,21.1,14,35.1,5.92,5213.88,14,14
24117.json,113.4,18.2,7,25.2,5.02,0,4,7
24141.json,19.02,4.74,2,6.74,2.6,402.49,2,2
24195.json,4.755,2.9,1,3.9,1.97,94.44,1,1
24196.json,42.794,9.26,3,12.26,3.5,881.3,3,3
2421.json,69.794,12.71,6,18.71,4.33,1940.23,6,6
24269.json,234.585,39.43,11,50.43,7.1,5091.62,11,11
24331.json,90.474,12.21,5,17.21,4.15,0,4,5
24384.json,19.02,6.23,2,8.23,2.87,462.21,2,2
24490.json,27.0,6.67,3,9.67,3.11,746.84,3,3
24579.json,1848.248,51.8,22,73.8,8.59,0,21,22
24674.json,124.078,9.1,6,15.1,3.89,0,4,6
24687.json,108.0,15.26,6,21.26,4.61,2093.66,6,6
24745.json,108.0,16.41,6,22.41,4.73,2147.29,6,6
24765.json,113.194,8.19,5,13.19,3.63,0,3,5
2477.json,42.794,8.83,3,11.83,3.44,846.63,3,3
24777.json,838.216,53.73,19,72.73,8.53,9049.5,19,19
24856.json,83.589,15.84,6,21.84,4.67,2101.53,6,6
24880.json,217.921,18.75,9,27.75,5.27,0,5,9
24965.json,4.755,2.18,1,3.18,1.78,0,1,1
25010.json,294.772,26.01,10,36.01,6.0,0,8,10
25022.json,90.474,9.38,5,14.38,3.79,0,4,5
25035.json,19.02,4.11,2,6.11,2.47,396.64,2,2
25052.json,75.0,13.65,5,18.65,4.32,1726.94,5,5
25069.json,1097.111,44.39,15,59.39,7.71,0,12,15
25075.json,20.897,5.5,2,7.5,2.74,0,2,2
2517.json,305.3,25.77,10,35.77,5.98,0,9,10
2525.json,83.589,15.86,6,21.86,4.68,2121.97,6,6
25255.json,243.0,24.56,9,33.56,5.79,3607.39,9,9
2526.json,12.0,5.93,2,7.93,2.82,457.72,2,2
25358.json,4.755,3.1,1,4.1,2.02,97.39,1,1
25425.json,75.0,8.77,5,13.77,3.71,1479.68,5,5
25581.json,19.02,5.71,2,7.71,2.78,455.35,2,2
2559.json,1793.9,51.16,24,75.16,8.67,0,23,24
2561.json,791.674,31.69,16,47.69,6.91,0,15,16
25635.json,42.794,9.01,3,12.01,3.47,864.42,3,3
25658.json,48.0,5.49,4,9.49,3.08,1001.61,4,4
2573.json,113.774,18.59,7,25.59,5.06,2586.66,7,7
25884.json,19.02,5.26,2,7.26,2.69,439.04,2,2
26007.json,83.589,15.8,6,21.8,4.67,2069.52,6,6
26076.json,27.0,10.36,3,13.36,3.66,945.22,3,3
26200.json,83.589,13.11,6,19.11,4.37,2031.2,6,6
26246.json,27.0,7.31,3,10.31,3.21,849.39,3,3
26265.json,19.02,1.22,2,3.22,1.79,273.91,2,2
2627.json,77.549,8.28,5,13.28,3.64,0,2,5
2629.json,4.755,3.07,1,4.07,2.02,96.95,1,1
26425.json,4.755,2.9,1,3.9,1.97,94.44,1,1
26721.json,75.0,14.72,5,19.72,4.44,1688.51,5,5
26788.json,116.323,16.73,6,22.73,4.77,0,3,6
26922.json,48.468,16.75,5,21.75,4.66,1836.82,5,5
26933.json,315.827,36.94,10,46.94,6.85,4579.94,10,10
26962.json,48.0,11.75,4,15.75,3.97,1297.35,4,4
26979.json,4.755,2.33,1,3.33,1.82,86.23,1,1
27007.json,82.536,18.18,7,25.18,5.02,2559.72,7,7
27047.json,48.0,9.14,4,13.14,3.62,1190.0,4,4
27114.json,232.989,13.31,7,20.31,4.51,2292.56,7,7
27138.json,334.358,23.83,12,35.83,5.99,4624.97,12,12
27152.json,1211.701,74.82,25,99.82,9.99,12639.44,25,25
2716.json,231.612,13.1,7,20.1,4.48,0,5,7
27179.json,42.794,7.24,3,10.24,3.2,819.05,3,3
27594.json,48.0,9.51,4,13.51,3.68,1234.06,4,4
27618.json,31.02,5.62,3,8.62,2.94,0,2,3
27664.json,4.755,2.9,1,3.9,1.97,94.44,1,1
27717.json,628.146,41.8,18,59.8,7.73,7972.06,18,18
27733.json,131.833,13.87,6,19.87,4.46,0,5,6
27772.json,147.0,22.78,7,29.78,5.46,2803.65,7,7
27777.json,188.076,26.24,9,35.24,5.94,3796.82,9,9
2778.json,75.0,6.85,5,11.85,3.44,1355.9,5,5
27788.json,507.0,26.16,13,39.16,6.26,5148.23,13,13
2780.json,83.589,10.81,6,16.81,4.1,1878.13,6,6
27800.json,19.02,1.43,2,3.43,1.85,283.73,2,2
27884.json,188.076,12.38,9,21.38,4.62,2986.52,9,9
27885.json,4.755,2.9,1,3.9,1.97,94.44,1,1
2789.json,19.02,6.42,2,8.42,2.9,444.69,2,2
27920.json,193.707,24.8,8,32.8,5.73,0,7,8
27925.json,76.078,4.76,4,8.76,2.96,938.67,4,4
27937.json,193.872,25.87,10,35.87,5.99,4005.77,10,10
28001.json,12.0,5.77,2,7.77,2.79,461.54,2,2
28021.json,1123.813,59.45,22,81.45,9.02,10605.3,22,22
28110.json,108.0,17.47,6,23.47,4.84,2192.77,6,6
28120.json,19.02,5.84,2,7.84,2.8,453.49,2,2
28127.json,48.0,9.15,4,13.15,3.63,1185.19,4,4
28132.json,135.833,10.12,6,16.12,4.01,0,1,6
28164.json,192.0,16.47,8,24.47,4.95,2806.2,8,8
28225.json,147.0,23.15,7,30.15,5.49,2858.44,7,7
28292.json,27.0,6.24,3,9.24,3.04,777.89,3,3
2834.json,1875.0,57.52,25,82.52,9.08,11770.11,25,25
28406.json,180.947,20.16,7,27.16,5.21,0,6,7
28511.json,20.897,9.13,3,12.13,3.48,884.47,3,3
28535.json,47.019,6.83,3,9.83,3.14,0,3,3
28549.json,363.0,29.75,11,40.75,6.38,4582.49,11,11
2858.json,42.794,8.46,3,11.46,3.39,820.05,3,3
28593.json,4.755,2.92,1,3.92,1.98,94.86,1,1
28646.json,58.048,12.38,5,17.38,4.17,1715.24,5,5
28652.json,42.794,5.92,3,8.92,2.99,745.13,3,3
2867.json,217.137,19.35,8,27.35,5.23,0,5,8
29002.json,171.176,11.04,6,17.04,4.13,1899.94,6,6
2913.json,193.872,18.44,10,28.44,5.33,3693.91,10,10
2916.json,12.0,5.62,2,7.62,2.76,453.27,2,2
29161.json,19.02,5.81,2,7.81,2.79,456.34,2,2
29190.json,148.603,22.18,8,30.18,5.49,3100.15,8,8
29273.json,42.794,9.06,3,12.06,3.47,892.79,3,3
29313.json,147.0,15.35,7,22.35,4.73,2408.37,7,7
29337.json,280.953,21.48,11,32.48,5.7,4128.45,11,11
2941.json,188.076,16.69,9,25.69,5.07,3169.21,9,9
2942.json,4.755,2.9,1,3.9,1.97,94.44,1,1
29472.json,280.953,22.78,11,33.78,5.81,4195.0,11,11
295.json,300.0,20.22,10,30.22,5.5,3606.84,10,10
29570.json,83.589,15.69,6,21.69,4.66,2174.51,6,6
29573.json,378.993,30.46,15,45.46,6.74,6144.5,15,15
29668.json,76.624,7.43,4,11.43,3.38,0,3,4
29704.json,218.7,27.45,9,36.45,6.04,0,9,9
29751.json,19.02,5.93,2,7.93,2.82,466.05,2,2
29766.json,75.0,12.99,5,17.99,4.24,1667.03,5,5
29792.json,300.0,23.18,10,33.18,5.76,3852.46,10,10
29865.json,378.993,30.46,15,45.46,6.74,6144.5,15,15
29983.json,1211.701,65.28,25,90.28,9.5,12225.85,25,25
29992.json,560.291,45.37,17,62.37,7.9,7761.55,17,17
30006.json,148.603,23.71,8,31.71,5.63,3203.13,8,8
30007.json,1413.328,73.89,27,100.89,10.04,13582.57,27,27
30019.json,76.078,5.88,4,9.88,3.14,955.14,4,4
30026.json,148.603,20.92,8,28.92,5.38,3047.09,8,8
30081.json,4.755,2.77,1,3.77,1.94,92.56,1,1
30193.json,4.755,0.06,1,1.06,1.03,53.01,1,1
3024.json,69.658,7.52,4,11.52,3.39,0,2,4
30240.json,76.078,7.32,4,11.32,3.36,1063.67,4,4
30259.json,442.158,33.82,12,45.82,6.77,0,11,12
30302.json,192.0,13.5,8,21.5,4.64,2628.26,8,8
30358.json,42.794,8.65,3,11.65,3.41,869.9,3,3
30368.json,108.0,15.11,6,21.11,4.59,2072.75,6,6
30450.json,48.0,7.11,4,11.11,3.33,1060.03,4,4
30518.json,113.774,11.68,7,18.68,4.32,2227.36,7,7
30542.json,867.0,34.92,17,51.92,7.21,7187.26,17,17
30577.json,4.755,2.9,1,3.9,1.97,94.44,1,1
30626.json,193.707,22.34,8,30.34,5.51,0,7,8
30652.json,4.755,1.96,1,2.96,1.72,80.79,1,1
30767.json,48.0,8.5,4,12.5,3.54,1157.97,4,4
30780.json,113.774,15.12,7,22.12,4.7,2466.94,7,7
30856.json,108.0,18.56,6,24.56,4.96,2249.3,6,6
30929.json,382.151,28.72,11,39.72,6.3,0,11,11
31002.json,90.474,11.43,5,16.43,4.05,0,4,5
31033.json,147.386,19.6,7,26.6,5.16,0,6,7
31095.json,147.386,22.18,7,29.18,5.4,0,6,7
31104.json,148.603,20.47,8,28.47,5.34,3130.0,8,8
3116.json,31.02,8.08,3,11.08,3.33,0,2,3
31183.json,374.82,15.72,10,25.72,5.07,0,9,10
31216.json,4.755,2.94,1,3.94,1.98,95.14,1,1
31220.json,58.048,11.96,5,16.96,4.12,1635.71,5,5
31253.json,279.176,22.06,12,34.06,5.84,4576.74,12,12
31273.json,19.02,1.22,2,3.22,1.79,290.47,2,2
31445.json,69.658,9.18,4,13.18,3.63,0,2,4
31480.json,113.774,14.27,7,21.27,4.61,2409.59,7,7
31500.json,56.869,8.3,4,12.3,3.51,0,3,4
31564.json,75.0,11.39,5,16.39,4.05,1570.01,5,5
31630.json,192.0,23.24,8,31.24,5.59,3169.71,8,8
31905.json,42.794,7.48,3,10.48,3.24,796.09,3,3
31958.json,19.02,7.42,2,9.42,3.07,537.05,2,2
3196.json,217.137,17.1,8,25.1,5.01,0,5,8
320.json,300.0,20.22,10,30.22,5.5,3606.84,10,10
32053.json,157.036,26.33,9,35.33,5.94,3654.81,9,9
32067.json,192.0,20.46,8,28.46,5.33,3027.25,8,8
32115.json,58.048,15.33,5,20.33,4.51,1777.09,5,5
32214.json,188.076,25.92,9,34.92,5.91,3656.73,9,9
32309.json,12.0,4.68,2,6.68,2.58,439.5,2,2
32361.json,188.076,27.38,9,36.38,6.03,3749.6,9,9
32366.json,246.345,25.07,9,34.07,5.84,0,8,9
32484.json,231.612,20.0,7,27.0,5.2,0,5,7
3258.json,694.82,27.01,15,42.01,6.48,0,14,15
32731.json,329.133,17.25,9,26.25,5.12,0,3,9
32734.json,56.869,8.58,4,12.58,3.55,0,3,4
32802.json,27.0,4.08,3,7.08,2.66,694.21,3,3
32808.json,300.0,18.63,10,28.63,5.35,3599.04,10,10
32890.json,1025.584,55.75,23,78.75,8.87,10857.96,23,23
3291.json,27.0,7.63,3,10.63,3.26,809.25,3,3
32936.json,19.02,6.03,2,8.03,2.83,469.47,2,2
32938.json,972.0,55.05,18,73.05,8.55,8521.99,18,18
32966.json,304.313,13.54,8,21.54,4.64,2656.8,8,8
33012.json,83.589,11.62,6,17.62,4.2,1866.04,6,6
33051.json,4.755,3.11,1,4.11,2.03,97.57,1,1
33058.json,76.078,6.38,4,10.38,3.22,1047.37,4,4
33138.json,90.474,9.29,5,14.29,3.78,0,4,5
33289.json,69.794,15.81,6,21.81,4.67,2112.81,6,6
33291.json,113.194,9.55,5,14.55,3.81,0,3,5
33303.json,4.755,2.67,1,3.67,1.92,91.17,1,1
33393.json,4.755,2.67,1,3.67,1.92,91.17,1,1
33407.json,113.774,19.75,7,26.75,5.17,2651.34,7,7
33423.json,27.0,7.27,3,10.27,3.2,842.12,3,3
33485.json,83.589,16.88,6,22.88,4.78,2170.1,6,6
33579.json,42.794,7.74,3,10.74,3.28,810.67,3,3
33603.json,12.0,4.79,2,6.79,2.61,441.08,2,2
33614.json,12.0,4.74,2,6.74,2.6,440.36,2,2
3370.json,12.0,6.09,2,8.09,2.84,477.4,2,2
33709.json,19.02,3.14,2,5.14,2.27,346.4,2,2
33763.json,1682.811,40.8,21,61.8,7.86,0,20,21
3380.json,157.036,15.24,9,24.24,4.92,3071.64,9,9
3381.json,27.0,3.95,3,6.95,2.64,594.93,3,3
33840.json,12.0,6.12,2,8.12,2.85,478.75,2,2
33868.json,75.0,16.94,5,21.94,4.68,1829.01,5,5
33932.json,803.576,29.88,13,42.88,6.55,5227.12,13,13
34116.json,48.468,12.8,5,17.8,4.22,1640.91,5,5
34218.json,27.0,8.22,3,11.22,3.35,855.2,3,3
34223.json,108.0,12.24,6,18.24,4.27,1941.01,6,6
34308.json,4.755,2.58,1,3.58,1.89,89.77,1,1
34344.json,19.02,5.63,2,7.63,2.76,450.22,2,2
34351.json,27.0,8.25,3,11.25,3.35,863.76,3,3
34352.json,775.489,45.89,20,65.89,8.12,9031.4,20,20
34389.json,19.02,1.35,2,3.35,1.83,307.53,2,2
34509.json,83.589,15.94,6,21.94,4.68,2151.69,6,6
34521.json,37.151,11.64,4,15.64,3.95,1280.73,4,4
34535.json,4.755,2.37,1,3.37,1.84,86.81,1,1
3458.json,4.755,2.8,1,3.8,1.95,93.0,1,1
3462.json,27.0,7.94,3,10.94,3.31,851.99,3,3
34744.json,27.0,10.91,3,13.91,3.73,970.22,3,3
34781.json,673.765,38.28,20,58.28,7.63,8597.29,20,20
34810.json,12.0,5.67,2,7.67,2.77,454.0,2,2
34884.json,278.953,29.28,11,40.28,6.35,0,10,11
34914.json,1499.278,42.83,20,62.83,7.93,0,18,20
34952.json,334.358,23.85,12,35.85,5.99,4645.43,12,12
34978.json,113.774,16.41,7,23.41,4.84,2464.56,7,7
34981.json,193.872,23.34,10,33.34,5.77,3874.6,10,10
35205.json,4.755,2.76,1,3.76,1.94,92.51,1,1
3521.json,42.794,5.38,3,8.38,2.89,708.98,3,3
3532.json,75.0,13.66,5,18.66,4.32,1699.08,5,5
35341.json,385.146,11.37,9,20.37,4.51,2903.43,9,9
35342.json,4.755,2.9,1,3.9,1.97,94.44,1,1
35417.json,20.897,6.4,2,8.4,2.9,0,2,2
35424.json,193.707,22.28,8,30.28,5.5,0,7,8
3545.json,2352.316,75.69,26,101.69,10.08,0,18,26
35557.json,431.21,43.54,16,59.54,7.72,7185.5,16,16
35573.json,12.0,5.41,2,7.41,2.72,440.88,2,2
35591.json,48.0,11.27,4,15.27,3.91,1279.53,4,4
35609.json,193.872,22.98,10,32.98,5.74,3854.81,10,10
35622.json,280.953,22.35,11,33.35,5.77,4178.78,11,11
35684.json,188.076,19.45,9,28.45,5.33,3307.97,9,9
35716.json,188.076,21.07,9,30.07,5.48,3389.62,9,9
35762.json,19.02,5.99,2,7.99,2.83,458.67,2,2
35830.json,148.603,15.42,8,23.42,4.84,2730.0,8,8
35871.json,4.755,0.06,1,1.06,1.03,52.96,1,1
35993.json,157.036,21.54,9,30.54,5.53,3373.56,9,9
36020.json,12.0,5.99,2,7.99,2.83,458.67,2,2
36113.json,148.603,13.26,8,21.26,4.61,2624.9,8,8
36126.json,113.194,10.97,5,15.97,4.0,0,3,5
362.json,392.406,29.1,13,42.1,6.49,5310.63,13,13
36293.json,90.474,14.32,5,19.32,4.4,0,4,5
36352.json,4.755,0.96,1,1.96,1.4,66.16,1,1
36410.json,27.0,8.26,3,11.26,3.36,812.51,3,3
36434.json,37.151,12.17,4,16.17,4.02,1306.23,4,4
36504.json,192.0,14.5,8,22.5,4.74,2695.18,8,8
36525.json,391.825,18.7,9,27.7,5.26,0,7,9
36536.json,83.589,14.95,6,20.95,4.58,2072.96,6,6
36664.json,75.0,11.93,5,16.93,4.11,1585.54,5,5
3667.json,19.02,5.4,2,7.4,2.72,442.43,2,2
36745.json,242.555,32.15,12,44.15,6.64,5089.52,12,12
36775.json,4.755,2.14,1,3.14,1.77,83.39,1,1
36868.json,90.474,10.92,5,15.92,3.99,0,4,5
36910.json,76.078,11.77,4,15.77,3.97,1292.6,4,4
36917.json,12.0,5.07,2,7.07,2.66,456.4,2,2
36925.json,113.194,10.82,5,15.82,3.98,0,3,5
36935.json,19.02,4.85,2,6.85,2.62,424.63,2,2
36973.json,355.432,27.63,11,38.63,6.22,0,3,11
36977.json,19.02,1.69,2,3.69,1.92,303.6,2,2
36980.json,58.048,12.43,5,17.43,4.17,1624.07,5,5
37021.json,12.0,5.67,2,7.67,2.77,454.0,2,2
37073.json,42.11,11.33,4,15.33,3.92,0,2,4
37078.json,217.137,20.79,8,28.79,5.37,0,5,8
37081.json,27.0,6.08,3,9.08,3.01,777.35,3,3
37096.json,94.997,17.58,7,24.58,4.96,2630.1,7,7
37211.json,621.683,32.18,13,45.18,6.72,0,11,13
3722.json,42.794,8.62,3,11.62,3.41,850.05,3,3
37266.json,94.997,17.89,7,24.89,4.99,2547.46,7,7
37309.json,4.755,2.92,1,3.92,1.98,94.86,1,1
37325.json,48.0,12.56,4,16.56,4.07,1319.61,4,4
37363.json,27.0,9.34,3,12.34,3.51,853.46,3,3
37413.json,27.0,9.01,3,12.01,3.47,877.59,3,3
37456.json,4.755,2.81,1,3.81,1.95,93.21,1,1
37460.json,19.02,3.04,2,5.04,2.24,342.27,2,2
37461.json,121.901,8.94,5,13.94,3.73,0,4,5
37590.json,48.0,5.72,4,9.72,3.12,1003.28,4,4
37707.json,147.0,12.66,7,19.66,4.43,2257.15,7,7
37731.json,96.936,13.13,5,18.13,4.26,0,5,5
37738.json,4.755,2.47,1,3.47,1.86,88.21,1,1
37879.json,19.02,5.99,2,7.99,2.83,458.67,2,2
37883.json,75.0,14.31,5,19.31,4.39,1722.46,5,5
37894.json,90.474,8.23,5,13.23,3.64,0,4,5
37922.json,158.4,17.96,8,25.96,5.1,0,6,8
37940.json,432.0,31.54,12,43.54,6.6,5053.08,12,12
38011.json,4.755,2.78,1,3.78,1.94,92.72,1,1
38147.json,379.989,34.47,14,48.47,6.96,5995.19,14,14
3817.json,171.176,8.92,6,14.92,3.86,1736.79,6,6
3822.json,76.078,9.84,4,13.84,3.72,1219.65,4,4
38250.json,192.0,21.79,8,29.79,5.46,3081.77,8,8
38375.json,37.151,7.24,4,11.24,3.35,1044.23,4,4
38390.json,188.076,18.66,9,27.66,5.26,3355.17,9,9
38393.json,113.774,15.47,7,22.47,4.74,2410.99,7,7
38398.json,75.0,14.33,5,19.33,4.4,1725.42,5,5
38404.json,4.755,2.9,1,3.9,1.97,94.44,1,1
38410.json,188.076,25.85,9,34.85,5.9,3677.42,9,9
38488.json,42.794,9.05,3,12.05,3.47,871.79,3,3
38554.json,27.0,9.19,3,12.19,3.49,887.77,3,3
38679.json,628.146,53.83,18,71.83,8.48,8643.6,18,18
38699.json,113.194,10.68,5,15.68,3.96,0,3,5
38714.json,432.0,23.74,12,35.74,5.98,4645.98,12,12
38792.json,113.774,21.81,7,28.81,5.37,2735.12,7,7
388.json,4.755,2.9,1,3.9,1.97,94.44,1,1
38879.json,192.0,13.59,8,21.59,4.65,2637.71,8,8
38960.json,19.02,5.27,2,7.27,2.7,451.77,2,2
38968.json,19.02,5.99,2,7.99,2.83,458.67,2,2
38987.json,193.872,20.32,10,30.32,5.51,3698.72,10,10
39023.json,4.755,3.34,1,4.34,2.08,100.93,1,1
39058.json,300.0,24.62,10,34.62,5.88,3968.1,10,10
39096.json,4.755,2.53,1,3.53,1.88,89.16,1,1
39125.json,162.853,15.58,7,22.58,4.75,0,4,7
39223.json,113.774,18.5,7,25.5,5.05,2686.08,7,7
3923.json,75.0,12.89,5,17.89,4.23,1649.34,5,5
39236.json,76.078,12.29,4,16.29,4.04,1327.8,4,4
39241.json,290.808,20.28,9,29.28,5.41,0,7,9
39254.json,4.755,1.5,1,2.5,1.58,74.0,1,1
39270.json,76.078,6.33,4,10.33,3.21,1029.15,4,4
39305.json,520.062,38.26,13,51.26,7.16,0,12,13
3933.json,75.0,8.84,5,13.84,3.72,1421.63,5,5
39417.json,210.6,22.91,9,31.91,5.65,0,8,9
39418.json,193.707,15.58,8,23.58,4.86,0,7,8
3942.json,76.078,12.0,4,16.0,4.0,1311.43,4,4
39430.json,370.571,27.81,11,38.81,6.23,0,10,11
39504.json,363.0,32.21,11,43.21,6.57,4685.37,11,11
39524.json,4.755,2.78,1,3.78,1.94,92.72,1,1
39557.json,4.755,2.71,1,3.71,1.93,91.77,1,1
39606.json,147.0,15.67,7,22.67,4.76,2411.94,7,7
39647.json,232.193,32.64,10,42.64,6.53,4337.13,10,10
39729.json,76.078,11.64,4,15.64,3.95,1270.27,4,4
39813.json,4.755,1.79,1,2.79,1.67,78.35,1,1
39906.json,12.0,5.59,2,7.59,2.75,452.86,2,2
39936.json,56.869,6.84,4,10.84,3.29,0,3,4
4008.json,66.0,9.21,4,13.21,3.63,0,3,4
40095.json,31.02,4.96,3,7.96,2.82,0,2,3
40110.json,867.0,40.27,17,57.27,7.57,7477.67,17,17
4013.json,83.589,15.26,6,21.26,4.61,2076.8,6,6
4031.json,148.603,29.85,8,37.85,6.15,3543.43,8,8
40336.json,19.02,5.67,2,7.67,2.77,451.59,2,2
40361.json,113.774,21.51,7,28.51,5.34,2749.78,7,7
40456.json,4.755,2.9,1,3.9,1.97,94.44,1,1
40518.json,147.0,19.58,7,26.58,5.16,2713.39,7,7
40562.json,56.869,6.6,4,10.6,3.26,0,3,4
40570.json,41.795,7.9,3,10.9,3.3,0,2,3
40617.json,19.02,7.07,2,9.07,3.01,471.23,2,2
40619.json,42.794,7.99,3,10.99,3.32,825.1,3,3
4066.json,148.603,18.69,8,26.69,5.17,2927.96,8,8
4068.json,1262.7,56.86,23,79.86,8.94,0,15,23
40726.json,73.693,14.37,5,19.37,4.4,0,4,5
40728.json,27.0,7.47,3,10.47,3.24,842.57,3,3
40907.json,705.695,31.35,14,45.35,6.73,0,11,14
40928.json,231.612,12.22,7,19.22,4.38,0,5,7
41024.json,243.0,14.21,9,23.21,4.82,2992.53,9,9
41056.json,280.953,31.49,11,42.49,6.52,4688.48,11,11
41068.json,4.755,3.51,1,4.51,2.12,103.46,1,1
41081.json,4.755,2.76,1,3.76,1.94,92.51,1,1
41127.json,27.0,8.7,3,11.7,3.42,863.08,3,3
41174.json,20.897,6.55,3,9.55,3.09,854.11,3,3
41206.json,4.755,3.1,1,4.1,2.02,97.39,1,1
41292.json,4.755,2.93,1,3.93,1.98,94.93,1,1
41346.json,147.0,11.78,7,18.78,4.33,2145.35,7,7
41367.json,171.9,19.69,7,26.69,5.17,0,5,7
4143.json,417.947,20.94,10,30.94,5.56,0,4,10
41463.json,19.02,5.75,2,7.75,2.78,456.35,2,2
41586.json,232.193,23.37,10,33.37,5.78,3885.77,10,10
41602.json,76.078,12.1,4,16.1,4.01,1302.08,4,4
41728.json,392.406,21.26,13,34.26,5.85,4860.58,13,13
41743.json,522.434,34.59,15,49.59,7.04,6404.22,15,15
41845.json,75.0,11.3,5,16.3,4.04,1562.48,5,5
41932.json,12.0,5.81,2,7.81,2.79,456.0,2,2
41937.json,33.284,5.9,3,8.9,2.98,559.08,1,3
4194.json,1083.0,53.55,19,72.55,8.52,9021.5,19,19
41976.json,58.048,9.94,5,14.94,3.87,1481.34,5,5
41981.json,83.589,12.76,6,18.76,4.33,1942.55,6,6
42018.json,4.755,2.9,1,3.9,1.97,94.44,1,1
42020.json,27.0,9.01,3,12.01,3.47,877.59,3,3
42048.json,12.0,3.83,2,5.83,2.41,460.16,2,2
42049.json,19.02,5.75,2,7.75,2.78,454.23,2,2
42074.json,27.0,4.84,3,7.84,2.8,686.12,3,3
42077.json,2377.654,72.5,32,104.5,10.22,15755.16,32,32
42100.json,27.0,8.83,3,11.83,3.44,900.86,3,3
4211.json,42.794,3.89,3,6.89,2.62,641.46,3,3
4214.json,73.693,9.96,5,14.96,3.87,0,4,5
42214.json,4.755,1.85,1,2.85,1.69,79.11,1,1
42456.json,19.02,5.84,2,7.84,2.8,456.44,2,2
42468.json,588.0,28.44,14,42.44,6.51,5654.51,14,14
42521.json,48.0,8.77,4,12.77,3.57,1212.06,4,4
42545.json,75.0,10.51,5,15.51,3.94,1559.31,5,5
42549.json,4.755,2.9,1,3.9,1.97,94.44,1,1
42640.json,455.098,28.75,14,42.75,6.54,5642.28,14,14
42705.json,27.0,5.3,3,8.3,2.88,735.27,3,3
4271.json,48.468,14.41,5,19.41,4.41,1716.3,5,5
42924.json,4.755,2.63,1,3.63,1.91,90.54,1,1
42992.json,4.755,1.43,1,2.43,1.56,0,1,1
43086.json,42.794,8.66,3,11.66,3.41,856.44,3,3
43092.json,148.603,19.07,8,27.07,5.2,2942.06,8,8
43093.json,48.0,17.04,4,21.04,4.59,1586.94,4,4
43186.json,859.051,34.87,17,51.87,7.2,0,14,17
43188.json,12.0,3.64,2,5.64,2.37,424.33,2,2
43393.json,75.0,14.36,5,19.36,4.4,1737.34,5,5
43431.json,699.879,38.89,19,57.89,7.61,8217.7,19,19
43478.json,334.358,31.28,12,43.28,6.58,5046.52,12,12
43519.json,42.794,4.37,3,7.37,2.71,676.91,3,3
4368.json,51.699,4.95,4,8.95,2.99,0,2,4
43710.json,83.589,18.36,6,24.36,4.94,2245.17,6,6
43736.json,41.795,5.4,3,8.4,2.9,0,2,3
43798.json,118.872,6.95,5,11.95,3.46,1372.09,5,5
43818.json,108.0,9.87,6,15.87,3.98,1795.6,6,6
43947.json,4.755,0.5,1,1.5,1.22,59.39,1,1
43948.json,193.707,24.54,8,32.54,5.7,0,7,8
44114.json,432.0,17.51,12,29.51,5.43,4302.2,12,12
44118.json,37.151,10.91,4,14.91,3.86,1250.71,4,4
44128.json,12.0,4.77,2,6.77,2.6,440.87,2,2
44150.json,147.0,9.83,7,16.83,4.1,2141.26,7,7
44255.json,833.65,29.64,15,44.64,6.68,0,13,15
44304.json,131.833,13.83,6,19.83,4.45,0,5,6
44332.json,4.755,2.9,1,3.9,1.97,94.44,1,1
44390.json,148.603,20.1,8,28.1,5.3,2998.18,8,8
44565.json,27.0,6.74,3,9.74,3.12,776.61,3,3
4457.json,1116.704,71.23,24,95.23,9.76,12099.96,24,24
44637.json,76.078,10.27,4,14.27,3.78,1216.27,4,4
44687.json,19.02,6.19,2,8.19,2.86,451.17,2,2
44705.json,12.0,6.56,2,8.56,2.93,505.32,2,2
44755.json,42.794,9.01,3,12.01,3.47,867.62,3,3
44778.json,19.02,5.99,2,7.99,2.83,458.67,2,2
44818.json,27.0,9.06,3,12.06,3.47,867.16,3,3
44823.json,432.0,22.46,12,34.46,5.87,4554.89,12,12
44878.json,4.755,1.8,1,2.8,1.67,78.51,1,1
44929.json,232.193,22.88,10,32.88,5.73,3844.94,10,10
45070.json,108.0,15.38,6,21.38,4.62,2198.35,6,6
4508.json,148.603,21.56,8,29.56,5.44,3084.67,8,8
45134.json,1217.251,28.14,16,44.14,6.64,6405.16,16,16
45136.json,17.414,4.6,2,6.6,2.57,0,1,2
45179.json,392.406,30.47,13,43.47,6.59,5416.38,13,13
45182.json,243.0,14.98,9,23.98,4.9,3052.27,9,9
45225.json,232.193,18.56,10,28.56,5.34,3589.04,10,10
45406.json,108.0,7.84,6,13.84,3.72,1707.08,6,6
45450.json,19.02,2.66,2,4.66,2.16,397.06,2,2
45521.json,417.947,20.94,10,30.94,5.56,0,4,10
45524.json,42.794,7.28,3,10.28,3.21,835.63,3,3
45525.json,243.0,10.32,9,19.32,4.4,2831.81,9,9
45692.json,4.755,2.9,1,3.9,1.97,94.44,1,1
45714.json,124.078,19.84,8,27.84,5.28,3024.2,8,8
45717.json,4.755,2.04,1,3.04,1.74,81.9,1,1
45813.json,455.098,29.98,14,43.98,6.63,5727.17,14,14
4584.json,27.0,4.06,3,7.06,2.66,601.16,3,3
45855.json,19.02,5.99,2,7.99,2.83,458.67,2,2
45862.json,48.0,9.93,4,13.93,3.73,1213.91,4,4
45870.json,27.0,8.06,3,11.06,3.33,853.74,3,3
45969.json,58.048,16.68,5,21.68,4.66,1857.49,5,5
46105.json,4.755,2.9,1,3.9,1.97,94.44,1,1
46114.json,76.078,10.1,4,14.1,3.75,1196.08,4,4
46206.json,42.794,6.06,3,9.06,3.01,713.26,3,3
46227.json,287.1,24.75,11,35.75,5.98,0,7,11
46309.json,12.0,5.02,2,7.02,2.65,444.41,2,2
46312.json,108.0,14.6,6,20.6,4.54,2145.32,6,6
46329.json,58.048,8.66,5,13.66,3.7,1418.23,5,5
4641.json,4.755,2.71,1,3.71,1.93,91.71,1,1
46476.json,171.176,17.07,6,23.07,4.8,2187.29,6,6
46495.json,27.0,8.69,3,11.69,3.42,861.14,3,3
46583.json,451.633,30.48,13,43.48,6.59,0,7,13
46677.json,48.468,12.2,5,17.2,4.15,1618.69,5,5
46682.json,148.603,13.96,8,21.96,4.69,2685.22,8,8
46705.json,4.755,2.9,1,3.9,1.97,94.44,1,1
46711.json,131.833,18.72,6,24.72,4.97,0,5,6
46714.json,4.755,2.9,1,3.9,1.97,94.44,1,1
46762.json,27.0,8.68,3,11.68,3.42,862.81,3,3
46814.json,4.755,2.9,1,3.9,1.97,94.44,1,1
46877.json,19.02,2.46,2,4.46,2.11,338.53,2,2
47003.json,4.755,3.0,1,4.0,2.0,95.93,1,1
47058.json,83.589,16.17,6,22.17,4.71,2133.32,6,6
4717.json,75.0,8.34,5,13.34,3.65,1414.48,5,5
47319.json,17.414,4.26,2,6.26,2.5,0,1,2
47338.json,48.0,11.97,4,15.97,4.0,1243.53,4,4
47417.json,171.176,12.42,6,18.42,4.29,1904.03,6,6
47423.json,234.585,22.25,11,33.25,5.77,4173.69,11,11
47522.json,4.755,2.44,1,3.44,1.85,87.86,1,1
47586.json,131.833,10.32,6,16.32,4.04,0,5,6
4761.json,4.755,2.9,1,3.9,1.97,94.44,1,1
47633.json,90.474,10.25,5,15.25,3.91,0,4,5
47635.json,41.795,9.23,3,12.23,3.5,0,2,3
47646.json,4.755,1.65,1,2.65,1.63,76.31,1,1
47705.json,19.02,5.99,2,7.99,2.83,458.67,2,2
47708.json,48.0,6.84,4,10.84,3.29,1117.03,4,4
47816.json,4.755,2.9,1,3.9,1.97,94.44,1,1
47964.json,12.0,5.7,2,7.7,2.77,454.34,2,2
48030.json,27.0,8.24,3,11.24,3.35,834.58,3,3
48081.json,27.0,6.86,3,9.86,3.14,758.88,3,3
48112.json,300.0,20.9,10,30.9,5.56,3733.76,10,10
48153.json,124.078,22.99,8,30.99,5.57,3167.72,8,8
48172.json,27.0,8.0,3,11.0,3.32,827.35,3,3
48236.json,113.774,22.55,7,29.55,5.44,2793.51,7,7
48253.json,37.151,11.37,4,15.37,3.92,1298.86,4,4
48269.json,48.0,9.77,4,13.77,3.71,1197.47,4,4
48309.json,42.794,8.48,3,11.48,3.39,820.44,3,3
48322.json,156.73,15.29,6,21.29,4.61,0,3,6
4833.json,62.039,11.38,4,15.38,3.92,0,4,4
48352.json,48.0,11.01,4,15.01,3.87,1247.6,4,4
48515.json,4.755,2.9,1,3.9,1.97,94.44,1,1
48535.json,12.0,4.57,2,6.57,2.56,437.83,2,2
48709.json,232.193,31.57,10,41.57,6.45,4330.43,10,10
48733.json,4.755,2.39,1,3.39,1.84,87.01,1,1
48765.json,76.078,12.23,4,16.23,4.03,1314.85,4,4
48832.json,12.0,6.37,2,8.37,2.89,477.57,2,2
48847.json,4.755,3.16,1,4.16,2.04,98.33,1,1
48848.json,12.0,6.37,2,8.37,2.89,477.57,2,2
48852.json,19.02,3.82,2,5.82,2.41,335.08,2,2
48910.json,148.603,21.81,8,29.81,5.46,3070.82,8,8
49005.json,4.755,3.17,1,4.17,2.04,98.44,1,1
49006.json,4.755,3.17,1,4.17,2.04,98.44,1,1
49013.json,12.0,5.97,2,7.97,2.82,460.05,2,2
49015.json,4.755,2.9,1,3.9,1.97,94.44,1,1
49076.json,104.487,11.61,5,16.61,4.08,0,2,5
49080.json,19.02,5.12,2,7.12,2.67,432.25,2,2
4911.json,37.151,9.77,4,13.77,3.71,1185.31,4,4
49191.json,19.02,2.45,2,4.45,2.11,288.36,2,2
49197.json,188.076,15.05,9,24.05,4.9,3061.11,9,9
492.json,131.833,18.08,6,24.08,4.91,0,5,6
49203.json,113.774,14.77,7,21.77,4.67,2335.0,7,7
49381.json,167.179,11.85,6,17.85,4.22,0,4,6
49383.json,232.989,17.74,7,24.74,4.97,2485.68,7,7
49407.json,4.755,2.35,1,3.35,1.83,86.44,1,1
4950.json,108.0,10.68,6,16.68,4.08,1833.09,6,6
49520.json,280.953,22.75,11,33.75,5.81,4228.28,11,11
49568.json,42.794,4.56,3,7.56,2.75,616.55,3,3
49581.json,113.698,16.94,6,22.94,4.79,0,6,6
49626.json,62.692,6.36,4,10.36,3.22,0,1,4
497.json,31.02,8.73,3,11.73,3.42,0,2,3
49704.json,216.0,23.71,12,35.71,5.98,4622.25,12,12
49808.json,188.076,13.66,9,22.66,4.76,3084.62,9,9
49831.json,37.151,8.89,4,12.89,3.59,1135.07,4,4
49846.json,403.254,17.35,12,29.35,5.42,0,2,12
49897.json,48.0,5.78,4,9.78,3.13,1063.37,4,4
49936.json,48.0,10.2,4,14.2,3.77,1247.84,4,4
49939.json,232.193,19.9,10,29.9,5.47,3766.65,10,10
50025.json,280.953,26.19,11,37.19,6.1,4390.07,11,11
50028.json,27.0,8.77,3,11.77,3.43,864.09,3,3
50074.json,48.0,10.54,4,14.54,3.81,1222.54,4,4
50090.json,255.911,13.07,9,22.07,4.7,0,4,9
501.json,4.755,0.06,1,1.06,1.03,53.01,1,1
50124.json,107.802,18.53,8,26.53,5.15,2913.53,8,8
50143.json,75.0,15.08,5,20.08,4.48,1758.21,5,5
50225.json,379.989,35.7,14,49.7,7.05,6085.14,14,14
50245.json,56.869,9.67,4,13.67,3.7,0,3,4
50324.json,27.0,4.37,3,7.37,2.71,675.76,3,3
50357.json,19.02,6.23,2,8.23,2.87,462.21,2,2
50384.json,48.0,10.09,4,14.09,3.75,1201.16,4,4
50395.json,162.853,15.49,7,22.49,4.74,0,4,7
505.json,522.434,25.9,15,40.9,6.4,5870.34,15,15
50502.json,791.674,34.72,16,50.72,7.12,0,15,16
50563.json,363.0,21.93,11,32.93,5.74,4157.15,11,11
50609.json,60.639,12.18,6,18.18,4.26,1887.2,6,6
50721.json,108.0,10.32,6,16.32,4.04,1810.91,6,6
50769.json,153.805,12.1,7,19.1,4.37,0,3,7
50770.json,188.076,20.48,9,29.48,5.43,3363.97,9,9
50790.json,255.911,19.54,9,28.54,5.34,0,4,9
50845.json,38.039,8.86,3,11.86,3.44,680.96,2,3
5092.json,4.755,2.75,1,3.75,1.94,92.39,1,1
50956.json,27.0,9.16,3,12.16,3.49,875.65,3,3
50978.json,41.795,9.23,3,12.23,3.5,0,2,3
51007.json,48.0,7.37,4,11.37,3.37,1119.42,4,4
51032.json,292.563,21.14,8,29.14,5.4,0,5,8
51057.json,560.291,36.82,17,53.82,7.34,7363.09,17,17
5111.json,1000.38,35.23,18,53.23,7.3,0,7,18
51137.json,42.794,7.24,3,10.24,3.2,738.27,3,3
51189.json,19.02,4.46,2,6.46,2.54,408.9,2,2
51320.json,48.0,7.12,4,11.12,3.33,1031.48,4,4
51329.json,124.078,18.94,8,26.94,5.19,3014.64,8,8
514.json,348.97,19.37,10,29.37,5.42,0,7,10
51422.json,108.0,13.44,6,19.44,4.41,2014.32,6,6
51451.json,4.755,2.9,1,3.9,1.97,94.44,1,1
5148.json,83.589,14.48,6,20.48,4.53,2035.38,6,6
51519.json,432.0,23.74,12,35.74,5.98,4645.98,12,12
51527.json,148.603,23.73,8,31.73,5.63,3157.82,8,8
51538.json,147.0,17.2,7,24.2,4.92,2529.21,7,7
51565.json,234.585,33.06,11,44.06,6.64,4740.54,11,11
51716.json,136.437,18.95,9,27.95,5.29,3252.54,9,9
51758.json,27.0,7.54,3,10.54,3.25,803.06,3,3
51831.json,94.997,19.03,7,26.03,5.1,2607.23,7,7
51913.json,263.19,22.95,10,32.95,5.74,0,5,10
51921.json,58.048,14.36,5,19.36,4.4,1728.02,5,5
51927.json,363.0,28.51,11,39.51,6.29,4285.05,11,11
52035.json,803.576,26.08,13,39.08,6.25,5103.69,13,13
52107.json,768.0,34.66,16,50.66,7.12,6780.15,16,16
52143.json,4.755,2.9,1,3.9,1.97,94.44,1,1
52170.json,4.755,2.9,1,3.9,1.97,94.44,1,1
52178.json,4.755,2.51,1,3.51,1.87,88.75,1,1
52188.json,48.0,9.06,4,13.06,3.61,1145.7,4,4
52193.json,27.0,9.01,3,12.01,3.47,877.59,3,3
52354.json,455.098,32.98,14,46.98,6.85,5892.36,14,14
52366.json,280.953,26.01,11,37.01,6.08,4379.37,11,11
52401.json,300.0,17.62,10,27.62,5.26,3550.59,10,10
52420.json,20.897,6.41,2,8.41,2.9,0,2,2
52457.json,19.02,6.23,2,8.23,2.87,462.21,2,2
52477.json,20.897,4.79,2,6.79,2.61,0,2,2
52489.json,202.13,13.51,8,21.51,4.64,0,8,8
526.json,113.774,21.74,7,28.74,5.36,2771.22,7,7
52658.json,113.774,15.95,7,22.95,4.79,2476.07,7,7
52760.json,148.603,14.97,8,22.97,4.79,2714.94,8,8
52842.json,12.0,5.05,2,7.05,2.66,414.68,2,2
52844.json,48.0,7.53,4,11.53,3.4,1131.55,4,4
52855.json,75.0,8.71,5,13.71,3.7,1449.23,5,5
52931.json,12.0,4.05,2,6.05,2.46,472.44,2,2
5296.json,37.151,6.64,4,10.64,3.26,1109.78,4,4
52998.json,4.755,2.74,1,3.74,1.93,92.17,1,1
53044.json,19.02,5.63,2,7.63,2.76,453.45,2,2
53059.json,4.755,2.9,1,3.9,1.97,94.44,1,1
53065.json,4.755,2.9,1,3.9,1.97,94.44,1,1
53075.json,19.02,7.26,2,9.26,3.04,494.85,2,2
53086.json,4.755,2.82,1,3.82,1.95,93.37,1,1
53174.json,192.0,13.42,8,21.42,4.63,2661.84,8,8
53180.json,108.0,5.58,6,11.58,3.4,1614.4,6,6
53193.json,48.0,7.62,4,11.62,3.41,1107.94,4,4
53266.json,330.145,32.9,14,46.9,6.85,5893.26,14,14
53268.json,42.794,6.26,3,9.26,3.04,732.81,3,3
53364.json,234.585,22.78,11,33.78,5.81,4272.57,11,11
53368.json,162.853,12.27,7,19.27,4.39,0,4,7
53381.json,76.078,5.49,4,9.49,3.08,1044.69,4,4
53470.json,193.872,24.42,10,34.42,5.87,3925.05,10,10
53561.json,27.0,7.79,3,10.79,3.28,817.5,3,3
53588.json,83.589,15.32,6,21.32,4.62,2153.75,6,6
53856.json,76.078,11.65,4,15.65,3.96,1286.3,4,4
53944.json,234.585,28.47,11,39.47,6.28,4510.54,11,11
54030.json,42.794,7.65,3,10.65,3.26,806.01,3,3
54152.json,41.795,7.19,3,10.19,3.19,0,2,3
54183.json,475.489,13.88,10,23.88,4.89,3387.73,10,10
54194.json,27.0,6.5,3,9.5,3.08,759.94,3,3
54284.json,108.0,9.59,6,15.59,3.95,1837.11,6,6
5429.json,48.0,9.34,4,13.34,3.65,1262.07,4,4
5430.json,4.755,2.9,1,3.9,1.97,94.44,1,1
545.json,232.193,18.02,10,28.02,5.29,3596.25,10,10
54549.json,363.0,34.52,11,45.52,6.75,4824.76,11,11
54551.json,363.0,34.52,11,45.52,6.75,4824.76,11,11
54565.json,83.589,17.15,6,23.15,4.81,2182.8,6,6
5459.json,113.194,10.4,5,15.4,3.92,0,3,5
546.json,48.0,8.06,4,12.06,3.47,1152.69,4,4
54638.json,83.589,14.61,6,20.61,4.54,2152.91,6,6
54650.json,4.755,2.97,1,3.97,1.99,95.49,1,1
54689.json,147.0,16.83,7,23.83,4.88,2484.17,7,7
5470.json,193.707,20.6,8,28.6,5.35,0,7,8
54742.json,69.658,7.92,4,11.92,3.45,0,2,4
54744.json,19.02,5.1,2,7.1,2.66,425.48,2,2
54790.json,588.0,28.75,14,42.75,6.54,5649.88,14,14
54812.json,75.0,14.59,5,19.59,4.43,1742.53,5,5
54817.json,188.076,17.85,9,26.85,5.18,3284.75,9,9
5484.json,157.036,23.73,9,32.73,5.72,3538.62,9,9
54869.json,27.0,9.22,3,12.22,3.5,878.36,3,3
54874.json,75.0,15.46,5,20.46,4.52,1764.76,5,5
54880.json,752.305,37.65,18,55.65,7.46,7784.99,18,18
54918.json,436.212,35.16,15,50.16,7.08,6395.81,15,15
54963.json,19.02,6.23,2,8.23,2.87,462.21,2,2
55009.json,4.755,0.06,1,1.06,1.03,53.01,1,1
55033.json,147.0,9.21,7,16.21,4.03,2131.83,7,7
55099.json,188.076,21.53,9,30.53,5.53,3465.36,9,9
5510.json,626.921,21.39,12,33.39,5.78,0,6,12
55150.json,192.0,20.3,8,28.3,5.32,2953.89,8,8
55287.json,19.02,5.21,2,7.21,2.69,428.79,2,2
55289.json,4.755,3.48,1,4.48,2.12,103.06,1,1
55307.json,76.078,9.67,4,13.67,3.7,1135.73,4,4
55312.json,27.0,8.01,3,11.01,3.32,853.06,3,3
55388.json,280.953,27.67,11,38.67,6.22,4476.01,11,11
55413.json,12.0,5.43,2,7.43,2.73,450.45,2,2
55417.json,4.755,2.9,1,3.9,1.97,94.44,1,1
55420.json,171.176,16.97,6,22.97,4.79,2111.11,6,6
55466.json,227.477,20.2,8,28.2,5.31,0,6,8
55479.json,108.0,15.84,6,21.84,4.67,2073.63,6,6
55504.json,69.794,16.84,6,22.84,4.78,2170.33,6,6
55591.json,75.0,13.01,5,18.01,4.24,1657.77,5,5
55710.json,27.0,8.53,3,11.53,3.4,859.78,3,3
55812.json,334.358,27.75,12,39.75,6.3,4844.89,12,12
55824.json,69.658,9.8,4,13.8,3.71,0,2,4
55842.json,42.794,9.01,3,12.01,3.47,882.58,3,3
55912.json,41.795,6.08,3,9.08,3.01,0,2,3
5593.json,290.808,22.24,9,31.24,5.59,0,7,9
56017.json,140.017,14.83,7,21.83,4.67,0,5,7
56155.json,107.381,17.28,6,23.28,4.82,0,5,6
56159.json,58.048,14.63,5,19.63,4.43,1757.51,5,5
56172.json,19.02,4.01,2,6.01,2.45,366.3,2,2
56189.json,4.755,3.05,1,4.05,2.01,96.72,1,1
56197.json,188.076,25.25,9,34.25,5.85,3673.46,9,9
56300.json,157.036,24.29,9,33.29,5.77,3576.52,9,9
56330.json,83.589,16.2,6,22.2,4.71,2135.1,6,6
56337.json,83.589,16.2,6,22.2,4.71,2135.1,6,6
56345.json,69.658,5.21,4,9.21,3.03,0,2,4
56362.json,4.755,2.9,1,3.9,1.97,94.44,1,1
56367.json,27.0,9.45,3,12.45,3.53,909.35,3,3
56372.json,58.048,12.24,5,17.24,4.15,1598.81,5,5
56375.json,4.755,2.81,1,3.81,1.95,93.2,1,1
56523.json,48.0,14.06,4,18.06,4.25,1444.26,4,4
5653.json,4.755,1.77,1,2.77,1.66,77.92,1,1
56610.json,37.151,8.3,4,12.3,3.51,1109.91,4,4
56646.json,75.0,16.5,5,21.5,4.64,1803.57,5,5
56790.json,594.414,38.39,16,54.39,7.37,6947.72,16,16
56796.json,334.358,41.57,12,53.57,7.32,5612.25,12,12
56835.json,42.794,6.59,3,9.59,3.1,760.02,3,3
56890.json,20.897,6.35,2,8.35,2.89,0,2,2
56982.json,19.02,3.02,2,5.02,2.24,297.95,2,2
56992.json,455.098,29.55,14,43.55,6.6,5694.2,14,14
56999.json,280.953,22.46,11,33.46,5.78,4174.93,11,11
57024.json,68.429,7.95,5,12.95,3.6,0,3,5
57025.json,84.011,8.46,5,13.46,3.67,0,3,5
57089.json,75.0,13.69,5,18.69,4.32,1729.34,5,5
57165.json,232.989,21.62,7,28.62,5.35,2745.85,7,7
57283.json,19.02,5.54,2,7.54,2.75,447.03,2,2
57288.json,19.02,5.17,2,7.17,2.68,428.25,2,2
57329.json,19.02,5.31,2,7.31,2.7,432.32,2,2
57450.json,675.0,38.17,15,53.17,7.29,6583.4,15,15
57649.json,83.589,16.34,6,22.34,4.73,2168.73,6,6
57745.json,12.0,5.94,2,7.94,2.82,460.87,2,2
57841.json,48.0,12.04,4,16.04,4.0,1312.07,4,4
57946.json,118.872,13.87,5,18.87,4.34,1690.76,5,5
57954.json,48.0,11.23,4,15.23,3.9,1300.27,4,4
57985.json,113.194,9.71,5,14.71,3.84,0,3,5
58013.json,4.755,2.9,1,3.9,1.97,94.44,1,1
58017.json,4.755,2.0,1,3.0,1.73,81.34,1,1
58038.json,42.794,9.26,3,12.26,3.5,881.3,3,3
58072.json,113.774,20.7,7,27.7,5.26,2703.76,7,7
58081.json,4.755,3.1,1,4.1,2.02,97.39,1,1
58115.json,131.833,12.04,6,18.04,4.25,0,5,6
58140.json,188.076,18.94,9,27.94,5.29,3296.75,9,9
58184.json,273.717,25.43,10,35.43,5.95,0,6,10
58270.json,329.133,16.24,9,25.24,5.02,0,3,9
58327.json,31.02,7.19,3,10.19,3.19,0,2,3
58405.json,42.794,6.06,3,9.06,3.01,713.26,3,3
58419.json,58.048,14.98,5,19.98,4.47,1762.77,5,5
58430.json,177.627,17.46,6,23.46,4.84,0,5,6
58500.json,113.194,10.28,5,15.28,3.91,0,3,5
58526.json,19.02,4.17,2,6.17,2.48,398.62,2,2
58529.json,279.176,26.69,12,38.69,6.22,4807.4,12,12
58539.json,75.0,11.04,5,16.04,4.0,1611.95,5,5
58608.json,56.869,13.77,4,17.77,4.22,0,3,4
58620.json,48.0,11.0,4,15.0,3.87,1248.59,4,4
58658.json,4.755,2.31,1,3.31,1.82,85.86,1,1
58675.json,48.0,11.39,4,15.39,3.92,1278.85,4,4
5871.json,19.02,2.4,2,4.4,2.1,313.98,2,2
58835.json,4.755,4.36,1,5.36,2.32,115.79,1,1
5889.json,180.947,12.85,7,19.85,4.46,0,6,7
58910.json,41.795,6.58,3,9.58,3.1,0,2,3
58958.json,113.774,21.06,7,28.06,5.3,2759.72,7,7
58961.json,31.02,9.66,4,13.66,3.7,1179.21,4,4
58984.json,19.02,6.1,2,8.1,2.85,460.26,2,2
59010.json,496.313,46.09,16,62.09,7.88,7395.9,16,16
59073.json,131.833,11.65,6,17.65,4.2,0,5,6
59116.json,192.0,21.55,8,29.55,5.44,3153.43,8,8
5915.json,4.755,1.65,1,2.65,1.63,76.31,1,1
59172.json,108.0,16.4,6,22.4,4.73,2133.5,6,6
59243.json,4.755,1.89,1,2.89,1.7,79.8,1,1
59264.json,90.474,13.48,5,18.48,4.3,0,4,5
59360.json,108.0,10.29,6,16.29,4.04,1870.0,6,6
59376.json,58.048,8.42,5,13.42,3.66,1487.6,5,5
59417.json,75.0,12.44,5,17.44,4.18,1597.5,5,5
5944.json,56.869,8.29,4,12.29,3.51,0,3,4
59455.json,104.487,8.04,5,13.04,3.61,0,2,5
59506.json,363.0,31.33,11,42.33,6.51,4681.79,11,11
59514.json,4.755,2.29,1,3.29,1.81,85.58,1,1
59557.json,300.0,28.52,10,38.52,6.21,4161.8,10,10
5956.json,4.755,0.06,1,1.06,1.03,53.01,1,1
59580.json,1080.13,39.88,19,58.88,7.67,0,16,19
59635.json,124.078,18.54,8,26.54,5.15,2960.88,8,8
59642.json,4.755,3.18,1,4.18,2.04,98.66,1,1
59717.json,69.658,8.32,4,12.32,3.51,0,2,4
59851.json,243.0,17.1,9,26.1,5.11,3181.21,9,9
59905.json,237.817,17.71,8,25.71,5.07,0,7,8
59990.json,58.048,20.33,5,25.33,5.03,2063.16,5,5
60043.json,4.755,0.06,1,1.06,1.03,53.01,1,1
60061.json,4.755,0.06,1,1.06,1.03,53.01,1,1
6011.json,136.437,20.5,9,29.5,5.43,3332.78,9,9
6013.json,1211.701,41.42,25,66.42,8.15,10867.07,25,25
6015.json,107.802,18.79,8,26.79,5.18,2895.57,8,8
60151.json,4.755,2.9,1,3.9,1.97,94.44,1,1
60161.json,27.0,8.29,3,11.29,3.36,840.3,3,3
60164.json,12.0,5.48,2,7.48,2.73,450.39,2,2
60219.json,4.755,3.4,1,4.4,2.1,101.81,1,1
60228.json,78.957,14.37,5,19.37,4.4,0,5,5
60315.json,335.83,22.16,11,33.16,5.76,0,7,11
60374.json,4.755,3.1,1,4.1,2.02,97.39,1,1
60375.json,4.755,2.9,1,3.9,1.97,94.44,1,1
60409.json,267.544,15.68,9,24.68,4.97,0,5,9
60556.json,363.0,26.54,11,37.54,6.13,4425.85,11,11
60558.json,27.0,6.08,3,9.08,3.01,704.01,3,3
60615.json,37.151,9.45,4,13.45,3.67,1182.23,4,4
6068.json,48.0,10.48,4,14.48,3.81,1226.36,4,4
60754.json,455.098,28.82,14,42.82,6.54,5701.76,14,14
60796.json,41.795,6.6,3,9.6,3.1,0,2,3
60834.json,83.589,15.97,6,21.97,4.69,2113.02,6,6
60876.json,75.0,6.42,5,11.42,3.38,1361.74,5,5
60906.json,768.0,37.58,16,53.58,7.32,6930.04,16,16
60912.json,56.869,10.0,4,14.0,3.74,0,3,4
60913.json,58.048,13.05,5,18.05,4.25,1651.6,5,5
60934.json,19.02,5.6,2,7.6,2.76,443.07,2,2
60938.json,19.02,5.6,2,7.6,2.76,443.07,2,2
61045.json,4.755,2.9,1,3.9,1.97,94.44,1,1
6105.json,19.02,5.99,2,7.99,2.83,458.67,2,2
61217.json,124.078,17.86,6,23.86,4.88,0,4,6
61284.json,108.0,14.32,6,20.32,4.51,2033.45,6,6
61416.json,4.755,0.06,1,1.06,1.03,53.01,1,1
61612.json,48.0,11.2,4,15.2,3.9,1262.76,4,4
61650.json,124.078,19.64,8,27.64,5.26,2975.78,8,8
61651.json,4.755,2.27,1,3.27,1.81,85.24,1,1
61669.json,147.386,18.12,7,25.12,5.01,0,6,7
61678.json,41.795,8.77,3,11.77,3.43,0,2,3
61683.json,75.0,8.26,5,13.26,3.64,1366.01,5,5
61721.json,4.755,2.1,1,3.1,1.76,82.82,1,1
61728.json,12.0,4.91,2,6.91,2.63,442.88,2,2
61803.json,19.02,4.28,2,6.28,2.51,400.05,2,2
61809.json,12.0,5.67,2,7.67,2.77,454.0,2,2
61906.json,392.406,38.81,13,51.81,7.2,5850.99,13,13
61921.json,300.0,15.88,10,25.88,5.09,3514.77,10,10
62095.json,594.414,44.19,16,60.19,7.76,7304.39,16,16
62105.json,392.406,36.58,13,49.58,7.04,5717.06,13,13
62131.json,4.755,3.06,1,4.06,2.01,96.91,1,1
62142.json,148.603,15.08,8,23.08,4.8,2790.87,8,8
62160.json,327.644,31.73,13,44.73,6.69,5434.92,13,13
62211.json,83.589,15.24,6,21.24,4.61,2118.12,6,6
62242.json,188.076,15.42,9,24.42,4.94,3136.31,9,9
62264.json,330.145,30.55,14,44.55,6.67,5804.94,14,14
62274.json,455.098,32.67,14,46.67,6.83,5867.36,14,14
62326.json,4.755,2.55,1,3.55,1.88,89.47,1,1
62331.json,83.589,16.95,6,22.95,4.79,2178.01,6,6
62350.json,76.078,9.61,4,13.61,3.69,1206.24,4,4
62368.json,83.589,11.59,6,17.59,4.19,1987.97,6,6
62413.json,75.0,14.34,5,19.34,4.4,1713.83,5,5
62483.json,520.062,29.2,13,42.2,6.5,0,12,13
62574.json,37.151,13.16,4,17.16,4.14,1340.37,4,4
62601.json,12.0,7.03,2,9.03,3.0,491.37,2,2
62634.json,193.872,21.7,10,31.7,5.63,3842.78,10,10
62654.json,4.755,2.76,1,3.76,1.94,92.51,1,1
62722.json,19.02,5.99,2,7.99,2.83,458.67,2,2
6278.json,124.078,15.26,8,23.26,4.82,2721.36,8,8
6284.json,280.953,22.62,11,33.62,5.8,4193.97,11,11
62988.json,12.0,6.0,2,8.0,2.83,485.47,2,2
6303.json,180.947,17.61,7,24.61,4.96,0,6,7
63042.json,48.0,13.38,4,17.38,4.17,1321.29,4,4
63070.json,4.755,2.9,1,3.9,1.97,94.44,1,1
63092.json,27.0,8.07,3,11.07,3.33,837.92,3,3
6311.json,20.897,6.54,2,8.54,2.92,0,2,2
63183.json,19.02,5.02,2,7.02,2.65,358.32,2,2
6320.json,147.0,18.79,7,25.79,5.08,2647.19,7,7
63430.json,56.869,7.18,4,11.18,3.34,0,3,4
6344.json,75.0,9.42,5,14.42,3.8,1461.79,5,5
63461.json,83.589,17.0,6,23.0,4.8,2175.65,6,6
63473.json,75.0,10.51,5,15.51,3.94,1559.31,5,5
63502.json,455.098,22.37,14,36.37,6.03,5344.67,14,14
63555.json,280.953,28.47,11,39.47,6.28,4513.09,11,11
63576.json,12.0,5.77,2,7.77,2.79,459.65,2,2
6364.json,171.9,16.34,7,23.34,4.83,0,5,7
63658.json,42.794,3.64,3,6.64,2.58,600.08,3,3
63713.json,42.794,9.26,3,12.26,3.5,868.62,3,3
63755.json,188.076,17.13,9,26.13,5.11,3183.29,9,9
63777.json,147.0,13.34,7,20.34,4.51,2283.92,7,7
63887.json,4.755,2.71,1,3.71,1.93,91.72,1,1
63966.json,171.176,16.1,6,22.1,4.7,2205.83,6,6
64005.json,75.0,12.46,5,17.46,4.18,1612.29,5,5
6401.json,188.076,21.66,9,30.66,5.54,3424.44,9,9
64013.json,84.011,11.82,5,16.82,4.1,0,3,5
64027.json,232.193,18.14,10,28.14,5.3,3644.33,10,10
64102.json,147.0,20.44,7,27.44,5.24,2686.09,7,7
64218.json,4.755,1.77,1,2.77,1.66,78.05,1,1
6422.json,148.603,15.19,8,23.19,4.82,2794.78,8,8
6423.json,313.46,16.11,9,25.11,5.01,0,2,9
64284.json,58.048,14.71,5,19.71,4.44,1740.73,5,5
64395.json,465.979,28.4,14,42.4,6.51,0,14,14
64417.json,575.341,33.23,11,44.23,6.65,4727.76,11,11
64430.json,42.794,8.49,3,11.49,3.39,859.67,3,3
64452.json,19.02,5.99,2,7.99,2.83,458.67,2,2
64456.json,113.738,26.37,8,34.37,5.86,3004.3,6,8
64461.json,363.0,38.34,11,49.34,7.02,4960.35,11,11
64480.json,203.814,23.68,11,34.68,5.89,4322.1,11,11
64493.json,41.795,5.26,3,8.26,2.87,0,2,3
64608.json,157.036,21.08,9,30.08,5.48,3393.78,9,9
64624.json,4.755,2.9,1,3.9,1.97,94.44,1,1
64656.json,108.0,15.48,6,21.48,4.63,2076.01,6,6
64685.json,42.794,3.61,3,6.61,2.57,594.58,3,3
64834.json,379.989,34.45,14,48.45,6.96,5960.78,14,14
64997.json,19.02,5.11,2,7.11,2.67,431.9,2,2
650.json,20.897,8.45,3,11.45,3.38,846.3,3,3
6506.json,12.0,6.53,2,8.53,2.92,497.64,2,2
65126.json,108.0,21.22,6,27.22,5.22,2408.65,6,6
65154.json,27.0,7.91,3,10.91,3.3,831.83,3,3
65160.json,232.193,28.0,10,38.0,6.16,4117.78,10,10
65201.json,147.0,14.14,7,21.14,4.6,2337.31,7,7
65202.json,27.0,7.11,3,10.11,3.18,778.0,3,3
65206.json,148.603,21.19,8,29.19,5.4,3079.55,8,8
65259.json,4.755,2.95,1,3.95,1.99,95.26,1,1
65338.json,193.872,21.65,10,31.65,5.63,3840.0,10,10
65428.json,12.0,5.67,2,7.67,2.77,454.0,2,2
65433.json,20.897,8.24,3,11.24,3.35,834.58,3,3
65483.json,148.603,14.73,8,22.73,4.77,2699.53,8,8
65512.json,58.048,11.68,5,16.68,4.08,1573.11,5,5
65578.json,124.078,9.16,6,15.16,3.89,0,4,6
65583.json,148.603,18.96,8,26.96,5.19,3025.38,8,8
65584.json,147.0,12.24,7,19.24,4.39,2233.56,7,7
65731.json,12.0,5.43,2,7.43,2.73,440.33,2,2
65875.json,75.0,14.79,5,19.79,4.45,1741.68,5,5
65877.json,156.73,12.04,6,18.04,4.25,0,3,6
65887.json,4.755,2.82,1,3.82,1.95,93.37,1,1
65901.json,300.0,19.11,10,29.11,5.4,3573.76,10,10
66006.json,928.771,40.12,20,60.12,7.75,8711.36,20,20
66033.json,363.0,17.9,11,28.9,5.38,3972.45,11,11
6608.json,75.0,7.19,5,12.19,3.49,1342.83,5,5
66150.json,108.0,10.65,6,16.65,4.08,1915.33,6,6
66160.json,20.897,5.55,2,7.55,2.75,0,2,2
66171.json,4.755,0.15,1,1.15,1.07,0,1,1
66262.json,838.216,35.05,19,54.05,7.35,8055.5,19,19
66309.json,188.076,16.88,9,25.88,5.09,3211.24,9,9
66373.json,148.603,20.61,8,28.61,5.35,3063.54,8,8
66416.json,392.406,35.44,13,48.44,6.96,5652.85,13,13
66421.json,48.0,6.1,4,10.1,3.18,997.38,4,4
66438.json,27.0,9.62,3,12.62,3.55,870.25,3,3
66542.json,51.699,8.26,4,12.26,3.5,0,2,4
66584.json,12.0,5.69,2,7.69,2.77,451.19,2,2
66599.json,4.755,2.9,1,3.9,1.97,94.44,1,1
66615.json,37.151,11.74,4,15.74,3.97,1326.0,4,4
66663.json,90.474,8.95,5,13.95,3.73,0,4,5
66870.json,20.897,6.74,2,8.74,2.96,0,2,2
66876.json,36.57,7.78,3,10.78,3.28,0,1,3
66893.json,313.46,18.03,9,27.03,5.2,0,2,9
66899.json,522.434,34.7,15,49.7,7.05,6323.74,15,15
6697.json,4.755,2.9,1,3.9,1.97,94.44,1,1
66995.json,83.589,17.8,6,23.8,4.88,2240.66,6,6
67005.json,113.774,11.72,7,18.72,4.33,2204.27,7,7
67096.json,4.755,2.9,1,3.9,1.97,94.44,1,1
6713.json,107.381,16.8,6,22.8,4.77,0,5,6
67146.json,157.036,19.94,9,28.94,5.38,3328.97,9,9
67233.json,12.0,5.56,2,7.56,2.75,447.84,2,2
67501.json,75.0,13.65,5,18.65,4.32,1726.94,5,5
67565.json,94.997,17.74,7,24.74,4.97,2539.17,7,7
67717.json,42.794,9.1,3,12.1,3.48,883.73,3,3
67866.json,12.0,5.43,2,7.43,2.73,450.43,2,2
67912.json,47.019,8.65,3,11.65,3.41,0,3,3
67925.json,302.441,25.15,9,34.15,5.84,0,8,9
67931.json,37.151,9.47,4,13.47,3.67,1208.66,4,4
67933.json,27.0,8.4,3,11.4,3.38,839.35,3,3
67983.json,107.802,18.25,8,26.25,5.12,2871.36,8,8
68034.json,27.0,8.72,3,11.72,3.42,863.4,3,3
68063.json,312.669,18.57,11,29.57,5.44,0,5,11
68088.json,42.794,6.74,3,9.74,3.12,769.59,3,3
68211.json,147.0,16.51,7,23.51,4.85,2550.9,7,7
68319.json,27.0,5.69,3,8.69,2.95,779.46,3,3
68335.json,69.794,14.56,6,20.56,4.53,2043.08,6,6
68347.json,108.0,15.25,6,21.25,4.61,2168.2,6,6
68348.json,83.589,15.69,6,21.69,4.66,2174.72,6,6
68359.json,178.308,21.38,9,30.38,5.51,0,7,9
68371.json,75.0,14.17,5,19.17,4.38,1719.24,5,5
68441.json,48.0,10.16,4,14.16,3.76,1248.15,4,4
68484.json,206.797,17.46,8,25.46,5.05,0,4,8
68492.json,436.212,31.88,15,46.88,6.85,6222.04,15,15
68494.json,124.078,23.83,8,31.83,5.64,3209.63,8,8
68572.json,192.0,17.81,8,25.81,5.08,2879.34,8,8
686.json,188.076,29.57,9,38.57,6.21,3865.09,9,9
68696.json,75.0,13.14,5,18.14,4.26,1670.74,5,5
68720.json,4.755,2.9,1,3.9,1.97,94.44,1,1
68742.json,27.0,8.37,3,11.37,3.37,858.32,3,3
68924.json,594.414,26.39,16,42.39,6.51,6311.24,16,16
68970.json,4.755,2.5,1,3.5,1.87,88.66,1,1
6905.json,180.947,15.21,7,22.21,4.71,0,6,7
69091.json,12.0,6.15,2,8.15,2.85,490.51,2,2
69124.json,48.0,11.79,4,15.79,3.97,1292.84,4,4
6918.json,62.039,9.76,4,13.76,3.71,0,4,4
69286.json,20.897,5.44,2,7.44,2.73,0,2,2
69297.json,48.0,8.09,4,12.09,3.48,1147.46,4,4
69326.json,334.358,54.67,12,66.67,8.17,6214.79,12,12
69351.json,12.0,3.13,2,5.13,2.26,300.65,2,2
69417.json,4.755,0.06,1,1.06,1.03,53.01,1,1
69465.json,431.21,43.95,16,59.95,7.74,7288.39,16,16
69477.json,157.036,26.14,9,35.14,5.93,3677.43,9,9
69485.json,148.603,25.32,8,33.32,5.77,3290.3,8,8
69542.json,58.048,13.73,5,18.73,4.33,1714.97,5,5
69622.json,20.897,5.93,2,7.93,2.82,0,2,2
69671.json,42.794,2.64,3,5.64,2.37,580.55,3,3
69718.json,58.048,12.43,5,17.43,4.17,1629.69,5,5
69720.json,628.146,45.52,18,63.52,7.97,8175.48,18,18
69800.json,12.0,3.24,2,5.24,2.29,311.93,2,2
69818.json,675.0,33.56,15,48.56,6.97,6320.12,15,15
69845.json,76.078,7.95,4,11.95,3.46,1081.81,4,4
69867.json,148.603,16.76,8,24.76,4.98,2815.0,8,8
69913.json,118.872,7.62,5,12.62,3.55,1352.87,5,5
6996.json,75.0,14.75,5,19.75,4.44,1749.77,5,5
7002.json,118.872,13.23,5,18.23,4.27,1672.07,5,5
70058.json,83.589,19.21,6,25.21,5.02,2238.6,6,6
70174.json,20.897,9.39,3,12.39,3.52,872.53,3,3
70304.json,12.0,3.2,2,5.2,2.28,316.05,2,2
70330.json,234.585,21.08,11,32.08,5.66,4126.2,11,11
70342.json,167.179,11.33,6,17.33,4.16,0,4,6
70500.json,188.076,14.37,9,23.37,4.83,3022.77,9,9
70502.json,12.0,5.67,2,7.67,2.77,454.0,2,2
70650.json,147.386,14.77,7,21.77,4.67,0,6,7
7068.json,75.0,11.52,5,16.52,4.06,1595.27,5,5
7069.json,36.57,6.61,3,9.61,3.1,0,1,3
70706.json,48.0,11.79,4,15.79,3.97,1297.9,4,4
70734.json,17.414,6.52,2,8.52,2.92,0,1,2
70793.json,4.755,2.9,1,3.9,1.97,94.44,1,1
70899.json,42.794,7.06,3,10.06,3.17,773.8,3,3
70950.json,104.487,9.42,5,14.42,3.8,0,2,5
71042.json,19.02,5.42,2,7.42,2.72,442.69,2,2
71046.json,73.693,12.15,5,17.15,4.14,0,4,5
7113.json,12.0,5.67,2,7.67,2.77,449.19,2,2
71193.json,101.065,12.89,6,18.89,4.35,0,4,6
71246.json,48.0,6.24,4,10.24,3.2,1056.6,4,4
71268.json,3925.912,124.42,45,169.42,13.02,24784.98,45,45
71299.json,124.078,21.08,8,29.08,5.39,3056.25,8,8
71314.json,19.02,5.48,2,7.48,2.73,444.78,2,2
71317.json,19.02,5.48,2,7.48,2.73,444.78,2,2
71388.json,113.774,18.77,7,25.77,5.08,2596.53,7,7
71431.json,12.0,5.93,2,7.93,2.82,457.77,2,2
71558.json,36.57,3.42,3,6.42,2.53,0,1,3
7169.json,75.0,10.59,5,15.59,3.95,1575.42,5,5
71700.json,48.468,16.75,5,21.75,4.66,1836.82,5,5
71708.json,19.02,6.3,2,8.3,2.88,478.5,2,2
71774.json,147.0,10.19,7,17.19,4.15,2155.2,7,7
71833.json,193.707,22.13,8,30.13,5.49,0,7,8
71843.json,42.794,8.12,3,11.12,3.33,829.29,3,3
71879.json,12.0,3.01,2,5.01,2.24,300.5,2,2
7198.json,48.0,10.31,4,14.31,3.78,1256.91,4,4
71999.json,17.414,5.83,2,7.83,2.8,0,1,2
72056.json,76.624,5.76,4,9.76,3.12,0,3,4
72164.json,58.048,13.26,5,18.26,4.27,1670.92,5,5
72173.json,153.805,9.54,7,16.54,4.07,0,3,7
72186.json,84.011,8.01,5,13.01,3.61,0,3,5
72201.json,19.02,4.74,2,6.74,2.6,402.49,2,2
7265.json,243.0,23.51,9,32.51,5.7,3539.43,9,9
7321.json,12.0,6.47,2,8.47,2.91,476.11,2,2
7334.json,83.589,9.63,6,15.63,3.95,1835.86,6,6
7387.json,19.02,5.62,2,7.62,2.76,453.3,2,2
7410.json,58.048,8.65,5,13.65,3.69,1461.41,5,5
7450.json,48.0,6.19,4,10.19,3.19,1025.98,4,4
7470.json,42.794,3.21,3,6.21,2.49,665.36,3,3
7548.json,20.897,4.24,3,7.24,2.69,701.63,3,3
758.json,4.755,2.24,1,3.24,1.8,84.87,1,1
7627.json,17.414,2.12,2,4.12,2.03,0,1,2
7632.json,58.048,12.5,5,17.5,4.18,1624.41,5,5
7701.json,442.158,24.37,12,36.37,6.03,0,11,12
7726.json,75.0,13.65,5,18.65,4.32,1726.94,5,5
7738.json,27.0,7.29,3,10.29,3.21,762.15,3,3
7745.json,234.585,27.84,11,38.84,6.23,4466.51,11,11
7829.json,157.036,22.61,9,31.61,5.62,3549.04,9,9
7831.json,188.076,21.6,9,30.6,5.53,3492.73,9,9
7902.json,84.011,10.9,5,15.9,3.99,0,3,5
7995.json,279.176,23.16,9,32.16,5.67,0,6,9
8120.json,19.02,6.38,2,8.38,2.89,467.24,2,2
8134.json,27.0,4.02,3,7.02,2.65,599.19,3,3
8200.json,188.076,18.09,9,27.09,5.2,3233.64,9,9
8209.json,27.0,8.63,3,11.63,3.41,843.03,3,3
8243.json,58.048,9.37,5,14.37,3.79,1471.49,5,5
8359.json,280.953,25.34,11,36.34,6.03,4384.37,11,11
8416.json,454.953,19.23,11,30.23,5.5,0,10,11
8555.json,84.011,10.67,5,15.67,3.96,0,3,5
8559.json,42.794,4.45,3,7.45,2.73,633.76,3,3
8560.json,4.755,0.06,1,1.06,1.03,52.96,1,1
8590.json,4.755,1.41,1,2.41,1.55,72.73,1,1
8592.json,113.774,14.44,7,21.44,4.63,2317.22,7,7
8613.json,19.02,6.1,2,8.1,2.85,465.0,2,2
865.json,69.658,5.93,4,9.93,3.15,0,2,4
8659.json,243.0,17.09,9,26.09,5.11,3180.32,9,9
8717.json,392.406,39.61,13,52.61,7.25,5871.87,13,13
8735.json,69.658,7.61,4,11.61,3.41,0,2,4
879.json,219.422,18.61,7,25.61,5.06,0,4,7
8869.json,132.648,16.62,7,23.62,4.86,0,4,7
8875.json,113.774,14.42,7,21.42,4.63,2439.99,7,7
8877.json,157.036,20.48,9,29.48,5.43,3333.46,9,9
8931.json,121.901,9.64,5,14.64,3.83,0,4,5
9075.json,69.794,14.17,6,20.17,4.49,2038.62,6,6
9091.json,157.036,20.52,9,29.52,5.43,3361.2,9,9
9124.json,4.755,2.9,1,3.9,1.97,94.44,1,1
9140.json,118.872,15.7,5,20.7,4.55,1781.71,5,5
9146.json,118.872,8.12,5,13.12,3.62,1386.46,5,5
9152.json,168.441,23.0,10,33.0,5.74,3855.73,10,10
9248.json,4.755,2.73,1,3.73,1.93,92.09,1,1
9311.json,4.755,0.06,1,1.06,1.03,53.01,1,1
9371.json,12.0,3.1,2,5.1,2.26,421.34,2,2
9438.json,56.869,11.43,4,15.43,3.93,0,3,4
9479.json,41.795,9.51,3,12.51,3.54,0,2,3
9530.json,148.603,22.89,8,30.89,5.56,3157.05,8,8
9710.json,4.755,1.48,1,2.48,1.57,73.73,1,1
9735.json,280.953,34.23,11,45.23,6.73,4808.63,11,11
9827.json,19.02,4.74,2,6.74,2.6,402.49,2,2
9828.json,19.02,5.99,2,7.99,2.83,458.67,2,2
9895.json,42.794,9.01,3,12.01,3.47,867.62,3,3
9910.json,19.02,4.64,2,6.64,2.58,407.15,2,2
